File_Type,File_Name,Full_Path,Location,Size_Category,Purpose,Status,Value_Category,Priority,Deployment_Ready,Revenue_Potential,Notes
MD,MUSIC_MONETIZATION_STRATEGY_2025.md,~/Music/nocTurneMeLoDieS/DOCS/,Music Project,Large (802 lines),Music Revenue Strategy,âœ… Complete,Revenue Plan,ğŸ”¥ğŸ”¥ğŸ”¥,Yes,$54K-$168K/year,Complete music monetization guide
MD,SEO_METADATA_AVATARARTS.md,~/workspace/advanced_toolkit/,Workspace,Large (480 lines),SEO Deployment Package,âœ… Ready,SEO Package,ğŸ”¥ğŸ”¥ğŸ”¥,Yes,$2.5K-$10K/mo,Copy-paste ready meta tags
MD,SEO_METADATA_QUANTUMFORGE.md,~/workspace/advanced_toolkit/,Workspace,Large (518 lines),SEO Deployment Package,âœ… Ready,SEO Package,ğŸ”¥ğŸ”¥ğŸ”¥,Yes,$4K-$18K/mo,Enterprise SEO package
MD,AEO_SEO_OPTIMIZATION_GUIDE.md,~/,Home,Large (518 lines),Complete AEO/SEO System,âœ… Complete,Strategy,ğŸ”¥ğŸ”¥ğŸ”¥,Reference,Essential,Master methodology guide
MD,TOP_1-5_PERCENT_TRENDING_STRATEGY.md,~/,Home,Large (495 lines),Trend Domination Tactics,âœ… Complete,Strategy,ğŸ”¥ğŸ”¥ğŸ”¥,Reference,$200-$2.5K/trend,Trending keyword domination
MD,YOUTUBE_SEO_STRATEGY.md,~/,Home,Large (721 lines),YouTube Channel Plan,âœ… Complete,Strategy,ğŸ”¥ğŸ”¥ğŸ”¥,Reference,$3.6K-$9.2K/mo,Complete YouTube strategy
MD,SEO_COMPLETE_DOCUMENTATION_INDEX.md,~/workspace/advanced_toolkit/,Workspace,Large (577 lines),Master Index,âœ… Ready,Navigation,ğŸ”¥ğŸ”¥ğŸ”¥,Reference,Essential,Maps all 11 SEO docs
MD,avatararts_ai_music_generator.md,~/workspace/seo_content/,Workspace,Medium (217 lines),SEO Article,âœ… Publish NOW,Content,ğŸ”¥ğŸ”¥ğŸ”¥,Yes,$200-$800/mo,+390% growth keyword
MD,quantumforge_ai_workflow_automation.md,~/workspace/seo_content/,Workspace,Medium (217 lines),SEO Article,âœ… Publish NOW,Content,ğŸ”¥ğŸ”¥ğŸ”¥,Yes,$300-$1K/mo,+460% growth keyword
MD,Python_SEO_Automation_Scripts_Analytics_Tasks.md,~/Downloads/06_Archives/.../,Downloads,Large (580 lines),SEO Tutorial,âœ… Ready,Educational,ğŸ”¥ğŸ”¥ğŸ”¥,Yes,$1K-$5K,Comprehensive Python SEO
MD,ULTIMATE_DISCOVERY_FINAL_REPORT.md,~/Desktop/,Desktop,Very Large,Complete Analysis,âœ… NEW,Report,ğŸ”¥ğŸ”¥ğŸ”¥,Reference,Analysis,Final discovery report
MD,ABSOLUTE_FINAL_COMPLETE_INVENTORY.md,~/Desktop/,Desktop,Very Large,Complete Inventory,âœ… NEW,Report,ğŸ”¥ğŸ”¥ğŸ”¥,Reference,Analysis,All discoveries documented
MD,SEO_EMPIRE_EXECUTIVE_SUMMARY.md,~/Desktop/,Desktop,Large,Executive Summary,âœ… Ready,Quick Reference,ğŸ”¥ğŸ”¥,Reference,Summary,30-second overview
MD,EXECUTE_NOW.md,~/Desktop/,Desktop,Medium,Action Plan,âœ… Ready,Action Guide,ğŸ”¥ğŸ”¥ğŸ”¥,Reference,Execution,Immediate actions
MD,README.md,~/pydocs/,PyDocs,Large (319 lines),Sphinx Documentation Guide,âœ… Complete,Documentation,ğŸ”¥ğŸ”¥,Yes,Doc System,Professional Python docs

CSV,suno_ultimate_master_combined.csv,~/Music/nocTurneMeLoDieS/,Music Project,590 rows,Master Song Catalog,âœ… Complete,Music Data,ğŸ”¥ğŸ”¥ğŸ”¥,Yes,Music Revenue,590 songs cataloged
CSV,NOCTURNEMELODIES_ULTIMATE_MASTER.csv,~/Music/nocTurneMeLoDieS/,Music Project,Enhanced,Enhanced Catalog,âœ… Complete,Music Data,ğŸ”¥ğŸ”¥ğŸ”¥,Yes,Music Revenue,Enhanced with MP3 matching
CSV,SEO_EMPIRE_ULTIMATE_FINAL.csv,~/Desktop/,Desktop,280+ rows,Ultimate SEO Inventory,âœ… NEW,SEO Database,ğŸ”¥ğŸ”¥ğŸ”¥,Analysis,Complete,$1.3M inventory
CSV,SEO_EMPIRE_COMPREHENSIVE_COMPLETE.csv,~/Desktop/,Desktop,234 rows,Comprehensive SEO,âœ… Complete,SEO Database,ğŸ”¥ğŸ”¥,Analysis,Complete,All discoveries
CSV,SEO_EMPIRE_MASTER_INVENTORY.csv,~/Desktop/,Desktop,193 rows,Master Inventory,âœ… Complete,SEO Database,ğŸ”¥ğŸ”¥,Analysis,Complete,Organized categories
CSV,SEO_FILES_DETAILED_INVENTORY.csv,~/Desktop/,Desktop,45 rows,Detailed Files,âœ… Complete,SEO Database,ğŸ”¥,Analysis,Complete,File-level details
CSV,ENHANCED_MP3_CATALOG - COMPLETE_MUSIC_ANALYSIS.csv,~/Downloads/,Downloads,Complete,Music Analysis,âœ… Ready,Music Data,ğŸ”¥ğŸ”¥ğŸ”¥,Yes,Music Intelligence,Complete music analytics
CSV,MP3 Catalog Entries-Grid view.csv,~/Downloads/,Downloads,Grid Export,Music Grid,âœ… Ready,Music Data,ğŸ”¥ğŸ”¥,Yes,Music Data,Grid view export
CSV,YOUR_SUNO_SONGS_COMPLETE - MASTER_MERGED_DATA.csv,~/Downloads/,Downloads,Master Merged,Suno Master,âœ… Ready,Music Data,ğŸ”¥ğŸ”¥ğŸ”¥,Yes,Complete Catalog,Master merged data
CSV,other_docs_seo.csv,~/csv_outputs/,CSV Outputs,Nov 26 2025,Recent SEO Analysis,âœ… Recent,SEO Data,ğŸ”¥,Review,Recent Work,Nov 26 analysis
CSV,audio_docs_seo.csv,~/csv_outputs/,CSV Outputs,Nov 26 2025,Audio SEO Data,âœ… Recent,SEO Data,ğŸ”¥,Review,Recent Work,Nov 26 analysis
CSV,docs_docs_seo.csv,~/csv_outputs/,CSV Outputs,Nov 26 2025,Docs SEO Data,âœ… Recent,SEO Data,ğŸ”¥,Review,Recent Work,Nov 26 analysis
CSV,vids_docs_seo.csv,~/csv_outputs/,CSV Outputs,Nov 26 2025,Video SEO Data,âœ… Recent,SEO Data,ğŸ”¥,Review,Recent Work,Nov 26 analysis
CSV,image_data_docs_seo.csv,~/csv_outputs/,CSV Outputs,Nov 26 2025,Image SEO Data,âœ… Recent,SEO Data,ğŸ”¥ğŸ”¥,Review,Recent Work,Nov 26 analysis
CSV,petals_product_seo.csv,~/pythons_backup/,Backup,Product Data,Product SEO,âœ… Exists,Product Data,ğŸ”¥,Reference,Product SEO,POD product catalog

HTML,SEO_Analytics_Dashboard.html,~/Documents/WEBSITES_CONSOLIDATED/AvatarArts_Deploy/.../,Websites,Dashboard,SEO Metrics Dashboard,âœ… Ready,Analytics,ğŸ”¥ğŸ”¥,Deploy,Track SEO,SEO performance tracking
HTML,avatar_arts_music_analytics_hub.html,~/Documents/WEBSITES_CONSOLIDATED/.../,Websites,Dashboard,Music Analytics,âœ… Ready,Analytics,ğŸ”¥ğŸ”¥,Deploy,Music Insights,Music performance hub
HTML,automation_dashboard.html,~/Documents/WEBSITES_CONSOLIDATED/AvatarArts_Deploy/.../,Websites,Dashboard,Automation Metrics,âœ… Ready,Analytics,ğŸ”¥,Deploy,Automation,Automation tracking
HTML,aiAlchemy-Portfolio.html,~/Documents/WEBSITES_CONSOLIDATED/QuantumForgeLabs/python/,Websites,Portfolio,AI Alchemy Portfolio,âœ… Ready,Portfolio,ğŸ”¥ğŸ”¥ğŸ”¥,Deploy,Portfolio Value,Professional portfolio
HTML,steven_chaplinski_master_portfolio.html,~/Documents/WEBSITES_CONSOLIDATED/HTML/Portfolio/,Websites,Portfolio,Master Portfolio,âœ… Ready,Portfolio,ğŸ”¥ğŸ”¥ğŸ”¥,Deploy,$3K-$10K,Master professional portfolio
HTML,Creative_Automation_Portfolio_Strategy.html,~/,Home,Portfolio Strategy,Portfolio Strategy,âœ… Ready,Strategy,ğŸ”¥ğŸ”¥,Reference,Portfolio,Creative automation portfolio
HTML,user-dashboard.html,~/pythons_backup/YTube/YT-AnalyticsDashboard/public/,Backup,Dashboard,YouTube User Dashboard,âœ… Complete,Analytics,ğŸ”¥ğŸ”¥,Deploy,YouTube,YouTube analytics dashboard
HTML,content-dashboard.html,~/pythons_backup/YTube/YT-AnalyticsDashboard/public/,Backup,Dashboard,YouTube Content Dashboard,âœ… Complete,Analytics,ğŸ”¥ğŸ”¥,Deploy,YouTube,YouTube content metrics
HTML,index.html (AvatarArts),~/Documents/WEBSITES_CONSOLIDATED/AvatarArts_Deploy/,Websites,Website Root,AvatarArts Main Site,âœ… READY,Complete Site,ğŸ”¥ğŸ”¥ğŸ”¥,DEPLOY NOW,Site Live,1000+ files complete site

PY,hot_trending_content_engine.py,~/pythons/data_processing/,Pythons,1563 lines,Trend Discovery Engine,âœ… Tested,Main Engine,ğŸ”¥ğŸ”¥ğŸ”¥,Working,$200-$1K/trend,Multi-AI intelligence
PY,seo_domination_engine.py,~/pythons_backup/,Backup,Unknown,SEO Domination System,â­ Unexplored,Hidden Engine,ğŸ”¥ğŸ”¥ğŸ”¥,REVIEW NOW,$5K-$20K,Major discovery - unexplored
PY,youtube_seo_optimizer.py,~/pythons/ai_tools/,Pythons,~500 lines,YouTube Optimizer,âœ… Working,SEO Tool,ğŸ”¥ğŸ”¥,Working,$400-$1.5K/mo,YouTube-specific SEO
PY,seo_metadata_optimizer.py,~/Music/nocTurneMeLoDieS/,Music Project,~250 lines,Music Metadata,âœ… Working,Music Tool,ğŸ”¥ğŸ”¥ğŸ”¥,Working,$500-$2K/mo,Optimize 398 songs
PY,seo_content_generator.py,~/Music/nocTurneMeLoDieS/,Music Project,~200 lines,Music Content,âœ… Working,Content Tool,ğŸ”¥ğŸ”¥,Working,$300-$1K/mo,Generate SEO content
PY,batch_image_seo_pipeline.py,~/pythons/image_generation/,Pythons,~400 lines,Image SEO Batch,âœ… Working,SEO Tool,ğŸ”¥ğŸ”¥ğŸ”¥,Working,Image Rankings,Process 410+ images
PY,content_automation_system.py,~/pythons/AI_CONTENT/content_creation/,Pythons,~500 lines,Content Orchestrator,âœ… Working,Automation,ğŸ”¥ğŸ”¥ğŸ”¥,Working,$1K-$5K/mo,Multi-AI orchestration
PY,connect_music_to_seo.py,~/pythons_backup/,Backup,Unknown,Music-SEO Connector,â­ Discovered,Integration,ğŸ”¥ğŸ”¥ğŸ”¥,REVIEW NOW,$2K-$8K,Connect 398 songs to SEO
PY,content-orchestrator.py,~/pythons/data_processing/,Pythons,Multi-AI,Content System,âœ… Working,Orchestration,ğŸ”¥ğŸ”¥ğŸ”¥,Working,$1K-$5K/mo,All content types
PY,content_classifier.py,~/workspace/advanced_toolkit/,Workspace,~500 lines,Content Classifier,âœ… Working,Classification,ğŸ”¥ğŸ”¥,Working,Organization,AI content classification
PY,youtube_analytics.py,~/pythons/AI_CONTENT/content_creation/,Pythons,Metrics,YouTube Analytics,âœ… Working,Analytics,ğŸ”¥ğŸ”¥,Working,Insights,Track YouTube performance
PY,suno-analytics-tools.py,~/pythons/utilities/,Pythons,Complete Suite,Music Analytics,âœ… Working,Analytics,ğŸ”¥ğŸ”¥,Working,Music Insights,Analyze 398 songs
PY,visualizer.py,~/workspace/advanced_toolkit/,Workspace,~400 lines,Data Visualizer,âœ… Working,Visualization,ğŸ”¥ğŸ”¥,Working,Visual Insights,Create SEO dashboards
PY,redbubble_optimization_strategy.py,~/pythons/AI_CONTENT/content_creation/,Pythons,POD,Redbubble SEO,âœ… Working,POD Tool,ğŸ”¥,Working,$600-$1.8K/mo,Print-on-demand SEO
PY,intelligent_medium_automation.py,~/pythons/,Pythons,~400 lines,Medium Automation,âœ… Working,Publishing,ğŸ”¥,Working,$200-$600/mo,Automate Medium

SH,deploy_quantumforgelabs.sh,~/scripts/deployment/,Scripts,80 lines,QuantumForge Deploy,âœ… READY,Deployment,ğŸ”¥ğŸ”¥ğŸ”¥,TEST NOW,Deploy Site,Deploy QuantumForge site
SH,deploy_to_avatararts.sh,~/workspace/archive/LIVE-DEPLOYMENT/,Workspace,Unknown,AvatarArts Deploy,âœ… READY,Deployment,ğŸ”¥ğŸ”¥ğŸ”¥,TEST NOW,Deploy Site,Deploy AvatarArts site
SH,deploy_main_avatararts.sh,~/workspace/archive/LIVE-DEPLOYMENT/,Workspace,Unknown,AvatarArts Main Deploy,âœ… READY,Deployment,ğŸ”¥ğŸ”¥ğŸ”¥,TEST NOW,Deploy Site,Alternative AvatarArts deploy
SH,seo_optimization_automation.sh,~/scripts/youtube-download/,Scripts,Automation,SEO Automation Runner,âœ… READY,SEO Automation,ğŸ”¥ğŸ”¥ğŸ”¥,TEST NOW,Automate SEO,Run SEO automation
SH,AVATARARTS_RESTRUCTURING_MASTER.sh,~/scripts/image-processing/,Scripts,Restructure,AvatarArts Restructure,âœ… Ready,Site Structure,ğŸ”¥ğŸ”¥,Ready,Site Org,Restructure AvatarArts
SH,CREATE_ROOT_WEBSITE_STRUCTURE.sh,~/scripts/utility/,Scripts,Website Builder,Website Structure,âœ… Ready,Site Creation,ğŸ”¥ğŸ”¥,Ready,Site Setup,Create website structure
SH,launch_automation.sh,~/scripts/,Scripts,Launcher,Launch Automation,âœ… Ready,Automation,ğŸ”¥ğŸ”¥,Ready,Launch,Launch automation systems
SH,setup_automation.sh,~/scripts/,Scripts,Setup,Setup Automation,âœ… Ready,Configuration,ğŸ”¥ğŸ”¥,Ready,Setup,Configure automation
SH,launch_seo_system.sh,~/workspace/archive/.../projects/seo-content/scripts/,Workspace,Launcher,Launch SEO System,âœ… READY,SEO Launch,ğŸ”¥ğŸ”¥ğŸ”¥,TEST NOW,SEO Active,Launch entire SEO system
SH,launch_empire.sh,~/workspace/archive/.../passive-income-empire/,Workspace,Launcher,Launch Empire,âœ… READY,Empire Launch,ğŸ”¥ğŸ”¥ğŸ”¥,TEST NOW,Empire Active,Launch passive income empire
SH,master_optimize.sh,~/scripts/,Scripts,Optimizer,Master Optimization,âœ… Ready,Optimization,ğŸ”¥ğŸ”¥,Ready,Optimize,Complete optimization
SH,carbon_image_analyze_optimize.sh,~/scripts/,Scripts,Image Tool,Carbon Image Optimize,âœ… Ready,Image Opt,ğŸ”¥,Ready,Images,Carbon image automation
SH,content_aware_rename.sh,~/scripts/utility/,Scripts,Renamer,Content-Aware Rename,âœ… Working,SEO Naming,ğŸ”¥ğŸ”¥,Working,File SEO,Intelligent renaming
SH,deploy-to-github.sh,~/scripts/git-operations/,Scripts,Git Deploy,GitHub Deployment,âœ… Ready,Git Automation,ğŸ”¥ğŸ”¥,Ready,Deploy,Deploy repos to GitHub
SH,check-api-keys.sh,~/scripts/,Scripts,API Check,API Key Checker,âœ… Ready,Infrastructure,ğŸ”¥,Ready,Keys,Verify API configuration
SH,setup-master-api-keys.sh,~/scripts/,Scripts,API Setup,Master API Setup,âœ… Ready,Infrastructure,ğŸ”¥ğŸ”¥,Ready,APIs,Configure all API keys
SH,build_docs.sh,~/pydocs/,PyDocs,Doc Builder,Build Documentation,âœ… Ready,Documentation,ğŸ”¥ğŸ”¥,Ready,Docs,Build Sphinx docs
SH,LAUNCH_RETENTION_SUITE.sh,~/Documents/WEBSITES_CONSOLIDATED/retention-suite-complete/,Websites,SaaS Launch,Launch Retention Suite,âœ… READY,SaaS Deploy,ğŸ”¥ğŸ”¥,TEST NOW,SaaS Live,Launch complete SaaS app
SH,launch_marketplace.sh,~/Documents/WEBSITES_CONSOLIDATED/marketplace/scripts/,Websites,Marketplace,Launch Marketplace,âœ… Ready,Platform,ğŸ”¥,Ready,Marketplace,Launch marketplace platform
SH,launch_education.sh,~/Documents/WEBSITES_CONSOLIDATED/education/scripts/,Websites,Education,Launch Education,âœ… Ready,Platform,ğŸ”¥,Ready,Education,Launch education platform

PDF,Client_Project_Documentation.pdf,~/Documents/Dr_Adu_GainesvillePFS_SEO_Project/,Documents,Professional,Client SEO Project,âœ… Complete,Professional,ğŸ”¥ğŸ”¥,Study,$10K-$30K,Proven methodology example
PDF,SEO_Strategy_Presentation.pdf,~/Documents/Dr_Adu_GainesvillePFS_SEO_Project/,Documents,Presentation,SEO Strategy Deck,âœ… Complete,Professional,ğŸ”¥,Reference,Professional,Client presentation
PDF,Revenue_Projections.pdf,~/Documents/markD/,Documents,Financial,Revenue Analysis,âœ… Exists,Financial,ğŸ”¥,Reference,Projections,Financial modeling

JSON,Ai_Ethics_In_Healthcare_metadata.json,~/Desktop/TOP_TRENDS_AVATARARTS_QUANTUMFORGE/,Desktop,Trend Package,AI Ethics Trend,âœ… Generated,Content,ğŸ”¥ğŸ”¥,Use,$200-$600,Generated trend package
JSON,Generative_Ai_Examples_metadata.json,~/Desktop/TOP_TRENDS_AVATARARTS_QUANTUMFORGE/,Desktop,Trend Package,Generative AI Examples,âœ… Generated,Content,ğŸ”¥ğŸ”¥ğŸ”¥,Use,$500-$2K/mo,808 examples match!
JSON,Generative_Ai_Music_metadata.json,~/Desktop/TOP_TRENDS_AVATARARTS_QUANTUMFORGE/,Desktop,Trend Package,Generative AI Music,âœ… Generated,Content,ğŸ”¥ğŸ”¥ğŸ”¥,Use,$500-$2K/mo,398 songs goldmine
JSON,suno-export.json,~/suno-extracts/,Music Project,Suno Export,Suno Data Export,âœ… Exists,Music Data,ğŸ”¥,Reference,Data,Suno extraction data
JSON,mcp.json,~/.claude/,Claude Config,Config,MCP Configuration,âœ… Exists,Configuration,ğŸ”¥,System,Config,Model Context Protocol

TXT,thumbnail_prompts.txt,~/Downloads/.../01_SEO_Packs/top-trend-seo-packs/,Downloads,Prompts,Thumbnail Prompts,âœ… Discovered,Creative,ğŸ”¥,Use,Thumbnails,Thumbnail generation ideas
TXT,transcript_file.txt,~/Music/nocTurneMeLoDieS/transcripts/,Music Project,Lyrics,Song Transcripts,âœ… Multiple,Music Content,ğŸ”¥ğŸ”¥,Use,Lyrics,165 transcript files
TXT,analysis_file.txt,~/Music/nocTurneMeLoDieS/,Music Project,Analysis,Song Analysis,âœ… Multiple,Music Content,ğŸ”¥,Use,Analysis,AI song analysis

ENV,seo-analytics.env,~/.env.d/,Environment,Config,SEO API Keys,âœ… Exists,Infrastructure,ğŸ”¥ğŸ”¥,Load,APIs,SEO analytics configuration
ENV,llm-apis.env,~/.env.d/,Environment,Config,LLM API Keys,âœ… Exists,Infrastructure,ğŸ”¥ğŸ”¥ğŸ”¥,Load,APIs,AI model API keys
ENV,audio-music.env,~/.env.d/,Environment,Config,Audio/Music APIs,âœ… Exists,Infrastructure,ğŸ”¥ğŸ”¥,Load,APIs,Transcription + music APIs

DOCX,the top rising trending seo keywords bestsellers i.docx,~/Downloads/,Downloads,Keywords,Trending Keywords List,âœ… Exists,Reference,ğŸ”¥ğŸ”¥,Review,Keywords,Bestseller trending keywords

XLSX,seo-local-geo.xlsx,~/pythons_backup/,Backup,Spreadsheet,Local SEO Data,âœ… Exists,SEO Data,ğŸ”¥,Reference,Local SEO,Geographic SEO targeting

YML,mkdocs.yml,~/docs_mkdocs/,MkDocs,Config,MkDocs Configuration,âœ… Ready,Documentation,ğŸ”¥,Ready,Docs,MkDocs doc system config

RST,index.rst,~/pydocs/source/,PyDocs,Doc Root,Sphinx Index,âœ… Ready,Documentation,ğŸ”¥ğŸ”¥,Ready,Docs,Main Sphinx documentation
RST,api_reference.rst,~/pydocs/source/,PyDocs,API Docs,API Reference,âœ… Ready,Documentation,ğŸ”¥ğŸ”¥,Ready,API Docs,Complete API documentation
RST,getting_started.rst,~/pydocs/source/,PyDocs,Guide,Getting Started,âœ… Ready,Documentation,ğŸ”¥,Ready,Guide,Quick start guide

MAKEFILE,Makefile,~/pydocs/,PyDocs,Build System,Sphinx Build System,âœ… Ready,Infrastructure,ğŸ”¥ğŸ”¥,Ready,Build,Professional build system

SUMMARY_STATS,Total Markdown Files,Count,All Locations,200+,Documentation/Strategy/Reports,Various,Strategic Value,N/A,N/A,N/A,Comprehensive documentation
SUMMARY_STATS,Total CSV Files,Count,All Locations,30+,Data/Analysis/Catalogs,Various,Data Value,N/A,N/A,N/A,Complete data systems
SUMMARY_STATS,Total HTML Files,Count,All Locations,500+,Websites/Dashboards/Portfolios,Various,Site Value,N/A,N/A,N/A,Complete web presence
SUMMARY_STATS,Total Python Scripts,Count,All Locations,500+,Automation/Tools/Systems,Various,$70K-$200K,N/A,N/A,N/A,Complete automation
SUMMARY_STATS,Total Shell Scripts,Count,All Locations,200+,Deployment/Setup/Automation,Various,$30K-$80K,N/A,N/A,N/A,Infrastructure automation
SUMMARY_STATS,Total PDF Files,Count,All Locations,10+,Professional/Presentations,Various,$5K-$15K,N/A,N/A,N/A,Professional deliverables
SUMMARY_STATS,Total JSON Files,Count,All Locations,20+,Data/Config/Packages,Various,Data/Config,N/A,N/A,N/A,Structured data
SUMMARY_STATS,Total Config Files,Count,All Locations,50+,.env/yml/json/ini configs,Various,Infrastructure,N/A,N/A,N/A,System configuration
SUMMARY_STATS,GRAND TOTAL FILES,Count,All Locations,1500+,All file types,All,$340K-$1.34M,N/A,N/A,N/A,Complete digital empire

