Old Path,New Path,Filename,Priority,Description,Status
/Users/steven/hahnclifford_gmail.com.txt,~/Documents/CsV/AI-ML/hahnclifford_gmail.com.txt,hahnclifford_gmail.com.txt,37.76,Medium file | Markdown content | AI/ML related | Part of 'YouTube Content' project,Pending
/Users/steven/Music/analysis/Heroes_Rise__-_Villains_Overthrow_(Remastered)2 2_analysis.txt,~/Documents/CsV/AI-ML/Heroes_Rise__-_Villains_Overthrow_(Remastered)2 2_analysis.txt,Heroes_Rise__-_Villains_Overthrow_(Remastered)2 2_analysis.txt,36.45,Medium file | Text content | AI/ML related | Part of 'Claude Courses' project,Pending
/Users/steven/cursor2.txt,~/Documents/CsV/AI-ML/cursor2.txt,cursor2.txt,31.63,Medium file | Markdown content | AI/ML related | Part of 'YouTube Content' project,Pending
/Users/steven/merge_pythons.py,~/Documents/CsV/AI-ML/merge_pythons.py,merge_pythons.py,30.47,Medium file | Python content | AI/ML related | Part of 'YouTube Content' project | 5 functions,Pending
/Users/steven/cleanup_home.sh,~/Documents/CsV/AI-ML/cleanup_home.sh,cleanup_home.sh,29.33,Medium file | Sh content | AI/ML related | Part of 'Portfolio Projects' project,Pending
/Users/steven/Music/analysis/motivational.txt,~/Documents/CsV/AI-ML/motivational.txt,motivational.txt,29.04,Large file | Text content | AI/ML related | Part of 'As-a-Man-Thinketh' project,Pending
/Users/steven/Music/analysis/thinketh-1_analysis.txt,~/Documents/CsV/AI-ML/thinketh-1_analysis.txt,thinketh-1_analysis.txt,29.04,Small file | Text content | AI/ML related | Part of 'As-a-Man-Thinketh' project,Pending
/Users/steven/Music/analysis/in-this--aLLey-where-i-hiDe_analysis.txt,~/Documents/CsV/AI-ML/in-this--aLLey-where-i-hiDe_analysis.txt,in-this--aLLey-where-i-hiDe_analysis.txt,28.92,Medium file | Text content | AI/ML related | Part of 'Portfolio Projects' project,Pending
/Users/steven/Music/Shuki_Levy_&_Haim_Saban_-_X_Men.ogg,~/Documents/CsV/AI-ML/Shuki_Levy_&_Haim_Saban_-_X_Men.ogg,Shuki_Levy_&_Haim_Saban_-_X_Men.ogg,28.40,Large file | Ogg content | AI/ML related | Part of 'Portfolio Projects' project,Pending
/Users/steven/Music/analysis/The_Heartland_Doesnt_Speak_doesn‚Äôt_speak349_(remastered)_analysis.txt,~/Documents/CsV/AI-ML/The_Heartland_Doesnt_Speak_doesn‚Äôt_speak349_(remastered)_analysis.txt,The_Heartland_Doesnt_Speak_doesn‚Äôt_speak349_(remastered)_analysis.txt,27.84,Small file | Text content | AI/ML related | Part of 'Portfolio Projects' project,Pending
/Users/steven/Music/analysis/The_Heartland_Doesnt_Speak_-tears_and_time352_-duo_analysis.txt,~/Documents/CsV/AI-ML/The_Heartland_Doesnt_Speak_-tears_and_time352_-duo_analysis.txt,The_Heartland_Doesnt_Speak_-tears_and_time352_-duo_analysis.txt,27.84,Small file | Text content | AI/ML related | Part of 'Portfolio Projects' project,Pending
/Users/steven/Music/analysis/The_Heartland_Doesnt_Speak_Remastered_dup1_analysis.txt,~/Documents/CsV/AI-ML/The_Heartland_Doesnt_Speak_Remastered_dup1_analysis.txt,The_Heartland_Doesnt_Speak_Remastered_dup1_analysis.txt,27.84,Small file | Text content | AI/ML related | Part of 'Portfolio Projects' project,Pending
/Users/steven/Music/analysis/The_Heartland_Doesnt_Speak349_Remastered_analysis.txt,~/Documents/CsV/AI-ML/The_Heartland_Doesnt_Speak349_Remastered_analysis.txt,The_Heartland_Doesnt_Speak349_Remastered_analysis.txt,27.84,Small file | Text content | AI/ML related | Part of 'Portfolio Projects' project,Pending
/Users/steven/Music/analysis/Heartbeats_in_the_Dark2_Remastered_alt1_analysis.txt,~/Documents/CsV/AI-ML/Heartbeats_in_the_Dark2_Remastered_alt1_analysis.txt,Heartbeats_in_the_Dark2_Remastered_alt1_analysis.txt,27.84,Small file | Text content | AI/ML related | Part of 'Portfolio Projects' project,Pending
/Users/steven/Music/analysis/Heartbeats in the Dark _ [Remastered]_2_analysis.txt,~/Documents/CsV/AI-ML/Heartbeats in the Dark _ [Remastered]_2_analysis.txt,Heartbeats in the Dark _ [Remastered]_2_analysis.txt,27.84,Small file | Text content | AI/ML related | Part of 'Portfolio Projects' project,Pending
/Users/steven/Music/analysis/Heartbeats_in_the_Dark_Remastered_alt1_analysis.txt,~/Documents/CsV/AI-ML/Heartbeats_in_the_Dark_Remastered_alt1_analysis.txt,Heartbeats_in_the_Dark_Remastered_alt1_analysis.txt,27.84,Small file | Text content | AI/ML related | Part of 'Portfolio Projects' project,Pending
/Users/steven/Music/analysis/Heartbeats in the Dark_359_analysis.txt,~/Documents/CsV/AI-ML/Heartbeats in the Dark_359_analysis.txt,Heartbeats in the Dark_359_analysis.txt,27.84,Small file | Text content | AI/ML related | Part of 'Portfolio Projects' project,Pending
/Users/steven/Music/analysis/The_Heartland_Doesnt_Speak_dup1_analysis.txt,~/Documents/CsV/AI-ML/The_Heartland_Doesnt_Speak_dup1_analysis.txt,The_Heartland_Doesnt_Speak_dup1_analysis.txt,27.84,Small file | Text content | AI/ML related | Part of 'Portfolio Projects' project,Pending
/Users/steven/Music/analysis/Bite_in_the_Night_Lady_Heart310_analysis.txt,~/Documents/CsV/AI-ML/Bite_in_the_Night_Lady_Heart310_analysis.txt,Bite_in_the_Night_Lady_Heart310_analysis.txt,27.84,Small file | Text content | AI/ML related | Part of 'Portfolio Projects' project,Pending
/Users/steven/Music/analysis/bite_in_the_night319_lady_heart_analysis.txt,~/Documents/CsV/AI-ML/bite_in_the_night319_lady_heart_analysis.txt,bite_in_the_night319_lady_heart_analysis.txt,27.84,Small file | Text content | AI/ML related | Part of 'Portfolio Projects' project,Pending
/Users/steven/Music/analysis/Heartbeats in the Dark 7_359_analysis.txt,~/Documents/CsV/AI-ML/Heartbeats in the Dark 7_359_analysis.txt,Heartbeats in the Dark 7_359_analysis.txt,27.84,Small file | Text content | AI/ML related | Part of 'Portfolio Projects' project,Pending
/Users/steven/Music/analysis/Heart Songs - [Remastered]_1_analysis.txt,~/Documents/CsV/AI-ML/Heart Songs - [Remastered]_1_analysis.txt,Heart Songs - [Remastered]_1_analysis.txt,27.84,Small file | Text content | AI/ML related | Part of 'Portfolio Projects' project,Pending
/Users/steven/Music/analysis/The_Heartland_Doesnt_Speak_analysis.txt,~/Documents/CsV/AI-ML/The_Heartland_Doesnt_Speak_analysis.txt,The_Heartland_Doesnt_Speak_analysis.txt,27.84,Small file | Text content | AI/ML related | Part of 'Portfolio Projects' project,Pending
/Users/steven/Music/analysis/Heartbeats in the Dark_400_analysis.txt,~/Documents/CsV/AI-ML/Heartbeats in the Dark_400_analysis.txt,Heartbeats in the Dark_400_analysis.txt,27.84,Small file | Text content | AI/ML related | Part of 'Portfolio Projects' project,Pending
/Users/steven/Music/analysis/Heart Songs - [Remastered]_analysis.txt,~/Documents/CsV/AI-ML/Heart Songs - [Remastered]_analysis.txt,Heart Songs - [Remastered]_analysis.txt,27.84,Small file | Text content | AI/ML related | Part of 'Portfolio Projects' project,Pending
/Users/steven/Music/analysis/Heartbeats in the Dark_1_analysis.txt,~/Documents/CsV/AI-ML/Heartbeats in the Dark_1_analysis.txt,Heartbeats in the Dark_1_analysis.txt,27.84,Small file | Text content | AI/ML related | Part of 'Portfolio Projects' project,Pending
/Users/steven/Music/analysis/Heartbeats in the Dark_7_analysis.txt,~/Documents/CsV/AI-ML/Heartbeats in the Dark_7_analysis.txt,Heartbeats in the Dark_7_analysis.txt,27.84,Small file | Text content | AI/ML related | Part of 'Portfolio Projects' project,Pending
/Users/steven/Music/analysis/Heartbeats in the Dark_6_analysis.txt,~/Documents/CsV/AI-ML/Heartbeats in the Dark_6_analysis.txt,Heartbeats in the Dark_6_analysis.txt,27.84,Small file | Text content | AI/ML related | Part of 'Portfolio Projects' project,Pending
/Users/steven/Music/analysis/Heartbeats in the Dark_analysis.txt,~/Documents/CsV/AI-ML/Heartbeats in the Dark_analysis.txt,Heartbeats in the Dark_analysis.txt,27.84,Small file | Text content | AI/ML related | Part of 'Portfolio Projects' project,Pending
/Users/steven/Music/analysis/Heart Songs_analysis.txt,~/Documents/CsV/AI-ML/Heart Songs_analysis.txt,Heart Songs_analysis.txt,27.84,Small file | Text content | AI/ML related | Part of 'Portfolio Projects' project,Pending
/Users/steven/Music/analysis/The_Alley_King_Remastered239_v2239_analysis.txt,~/Documents/CsV/AI-ML/The_Alley_King_Remastered239_v2239_analysis.txt,The_Alley_King_Remastered239_v2239_analysis.txt,27.08,Medium file | Text content | AI/ML related | Part of 'Portfolio Projects' project,Pending
/Users/steven/Music/analysis/Heartbeats_in_the_Dark2_(Remastered)_(1)_359_analysis.txt,~/Documents/CsV/AI-ML/Heartbeats_in_the_Dark2_(Remastered)_(1)_359_analysis.txt,Heartbeats_in_the_Dark2_(Remastered)_(1)_359_analysis.txt,27.07,Small file | Text content | AI/ML related | Part of 'Portfolio Projects' project,Pending
/Users/steven/Music/analysis/Heartbeats_in_the_Dark2_v_359_analysis.txt,~/Documents/CsV/AI-ML/Heartbeats_in_the_Dark2_v_359_analysis.txt,Heartbeats_in_the_Dark2_v_359_analysis.txt,27.07,Small file | Text content | AI/ML related | Part of 'Portfolio Projects' project,Pending
/Users/steven/Music/analysis/Junkyard symphony from hearts_354_analysis.txt,~/Documents/CsV/AI-ML/Junkyard symphony from hearts_354_analysis.txt,Junkyard symphony from hearts_354_analysis.txt,27.07,Small file | Text content | AI/ML related | Part of 'Portfolio Projects' project,Pending
/Users/steven/Music/analysis/Heartbeats_in_the_Dark_v4_311_analysis.txt,~/Documents/CsV/AI-ML/Heartbeats_in_the_Dark_v4_311_analysis.txt,Heartbeats_in_the_Dark_v4_311_analysis.txt,27.07,Small file | Text content | AI/ML related | Part of 'Portfolio Projects' project,Pending
/Users/steven/Music/analysis/Heartbeats_in_the_Dark_v_2_analysis.txt,~/Documents/CsV/AI-ML/Heartbeats_in_the_Dark_v_2_analysis.txt,Heartbeats_in_the_Dark_v_2_analysis.txt,27.07,Small file | Text content | AI/ML related | Part of 'Portfolio Projects' project,Pending
/Users/steven/Music/analysis/in_this_alley.mp3235_analysis.txt,~/Documents/CsV/AI-ML/in_this_alley.mp3235_analysis.txt,in_this_alley.mp3235_analysis.txt,26.87,Medium file | Text content | AI/ML related | Part of 'Portfolio Projects' project,Pending
/Users/steven/Music/analysis/The_Heartland_Doesnt_Speak_Edit_dup1_analysis.txt,~/Documents/CsV/AI-ML/The_Heartland_Doesnt_Speak_Edit_dup1_analysis.txt,The_Heartland_Doesnt_Speak_Edit_dup1_analysis.txt,26.78,Small file | Text content | AI/ML related | Part of 'Portfolio Projects' project,Pending
/Users/steven/Music/analysis/Heart Songs - [Edit]_1_analysis.txt,~/Documents/CsV/AI-ML/Heart Songs - [Edit]_1_analysis.txt,Heart Songs - [Edit]_1_analysis.txt,26.78,Small file | Text content | AI/ML related | Part of 'Portfolio Projects' project,Pending
/Users/steven/Music/analysis/Love_is_rubbish_Lets_Get_Trashy_BanjoBandit308_analysis.txt,~/Documents/CsV/AI-ML/Love_is_rubbish_Lets_Get_Trashy_BanjoBandit308_analysis.txt,Love_is_rubbish_Lets_Get_Trashy_BanjoBandit308_analysis.txt,25.85,Medium file | Markdown content | AI/ML related | Part of 'YouTube Content' project,Pending
/Users/steven/Music/analysis/in This aLLey Where i HiDe-oG (Remix)254 (1)_analysis.txt,~/Documents/CsV/AI-ML/in This aLLey Where i HiDe-oG (Remix)254 (1)_analysis.txt,in This aLLey Where i HiDe-oG (Remix)254 (1)_analysis.txt,25.78,Medium file | Text content | AI/ML related | Part of 'Portfolio Projects' project,Pending
/Users/steven/Music/analysis/in_This_aLLey_Where_i_HiDe-oG_Remix309_analysis.txt,~/Documents/CsV/AI-ML/in_This_aLLey_Where_i_HiDe-oG_Remix309_analysis.txt,in_This_aLLey_Where_i_HiDe-oG_Remix309_analysis.txt,25.47,Medium file | Markdown content | AI/ML related | Part of 'Portfolio Projects' project,Pending
/Users/steven/Music/analysis/Heroes_Rise_Villains_Overthrow_Remastered214_analysis.txt,~/Documents/CsV/AI-ML/Heroes_Rise_Villains_Overthrow_Remastered214_analysis.txt,Heroes_Rise_Villains_Overthrow_Remastered214_analysis.txt,24.80,Medium file | Text content | AI/ML related | Part of 'Portfolio Projects' project,Pending
/Users/steven/Music/analysis/Heroes_Rise_Villains_Overthrow_Remastered_analysis.txt,~/Documents/CsV/AI-ML/Heroes_Rise_Villains_Overthrow_Remastered_analysis.txt,Heroes_Rise_Villains_Overthrow_Remastered_analysis.txt,24.80,Medium file | Text content | AI/ML related | Part of 'Portfolio Projects' project,Pending
/Users/steven/Music/analysis/Heroes_Rise_Villains_Overthrow_Remastered_Remix143_analysis.txt,~/Documents/CsV/AI-ML/Heroes_Rise_Villains_Overthrow_Remastered_Remix143_analysis.txt,Heroes_Rise_Villains_Overthrow_Remastered_Remix143_analysis.txt,24.80,Medium file | Text content | AI/ML related | Part of 'Portfolio Projects' project,Pending
/Users/steven/Music/analysis/Heroes_Rise_Villains_Overthrow_Remastered159_analysis.txt,~/Documents/CsV/AI-ML/Heroes_Rise_Villains_Overthrow_Remastered159_analysis.txt,Heroes_Rise_Villains_Overthrow_Remastered159_analysis.txt,24.80,Medium file | Text content | AI/ML related | Part of 'Portfolio Projects' project,Pending
/Users/steven/Music/analysis/Heroes_Rise_Villains_Overthrow_Remastered_Remix227_analysis.txt,~/Documents/CsV/AI-ML/Heroes_Rise_Villains_Overthrow_Remastered_Remix227_analysis.txt,Heroes_Rise_Villains_Overthrow_Remastered_Remix227_analysis.txt,24.80,Medium file | Text content | AI/ML related | Part of 'Portfolio Projects' project,Pending
/Users/steven/Music/analysis/Heroes Rise  - Villains Overthrow (Remastered) (Remix)237_analysis.txt,~/Documents/CsV/AI-ML/Heroes Rise  - Villains Overthrow (Remastered) (Remix)237_analysis.txt,Heroes Rise  - Villains Overthrow (Remastered) (Remix)237_analysis.txt,24.80,Medium file | Text content | AI/ML related | Part of 'Portfolio Projects' project,Pending
/Users/steven/Music/analysis/Heroes_Rise_Villains_Overthrow_Remastered_Remix304_analysis.txt,~/Documents/CsV/AI-ML/Heroes_Rise_Villains_Overthrow_Remastered_Remix304_analysis.txt,Heroes_Rise_Villains_Overthrow_Remastered_Remix304_analysis.txt,24.80,Medium file | Text content | AI/ML related | Part of 'Portfolio Projects' project,Pending
/Users/steven/Music/analysis/in This aLLey Where i HiDe-oG (Remix)-grity232_analysis.txt,~/Documents/CsV/AI-ML/in This aLLey Where i HiDe-oG (Remix)-grity232_analysis.txt,in This aLLey Where i HiDe-oG (Remix)-grity232_analysis.txt,24.33,Medium file | Text content | AI/ML related | Part of 'YouTube Content' project,Pending
/Users/steven/Music/analysis/Heroes_Rise_analysis.txt,~/Documents/CsV/AI-ML/Heroes_Rise_analysis.txt,Heroes_Rise_analysis.txt,24.07,Medium file | Text content | AI/ML related | Part of 'Portfolio Projects' project,Pending
/Users/steven/Music/analysis/Heroes_Rise_159_analysis.txt,~/Documents/CsV/AI-ML/Heroes_Rise_159_analysis.txt,Heroes_Rise_159_analysis.txt,24.07,Medium file | Text content | AI/ML related | Part of 'Portfolio Projects' project,Pending
/Users/steven/Music/analysis/in_This_aLLey_Where_i_HiDe_oG_Remix305.mp3305_analysis.txt,~/Documents/CsV/AI-ML/in_This_aLLey_Where_i_HiDe_oG_Remix305.mp3305_analysis.txt,in_This_aLLey_Where_i_HiDe_oG_Remix305.mp3305_analysis.txt,23.76,Medium file | Text content | AI/ML related | Part of 'YouTube Content' project,Pending
/Users/steven/Music/analysis/in_This_aLLey_Where_i_HiDe_oG_Remix_grity254.mp3254_analysis.txt,~/Documents/CsV/AI-ML/in_This_aLLey_Where_i_HiDe_oG_Remix_grity254.mp3254_analysis.txt,in_This_aLLey_Where_i_HiDe_oG_Remix_grity254.mp3254_analysis.txt,23.76,Medium file | Text content | AI/ML related | Part of 'YouTube Content' project,Pending
/Users/steven/Music/analysis/in_This_aLLey_Where_i_HiDe_oG_Remix_grity259.mp3259_analysis.txt,~/Documents/CsV/AI-ML/in_This_aLLey_Where_i_HiDe_oG_Remix_grity259.mp3259_analysis.txt,in_This_aLLey_Where_i_HiDe_oG_Remix_grity259.mp3259_analysis.txt,23.76,Medium file | Text content | AI/ML related | Part of 'YouTube Content' project,Pending
/Users/steven/Music/analysis/in_This_aLLey_Where_i_HiDe_oG_Remix303.mp3303_analysis.txt,~/Documents/CsV/AI-ML/in_This_aLLey_Where_i_HiDe_oG_Remix303.mp3303_analysis.txt,in_This_aLLey_Where_i_HiDe_oG_Remix303.mp3303_analysis.txt,23.76,Medium file | Text content | AI/ML related | Part of 'YouTube Content' project,Pending
/Users/steven/Music/analysis/in_This_aLLey_Where_i_HiDe_oG_Remix309.mp3309_analysis.txt,~/Documents/CsV/AI-ML/in_This_aLLey_Where_i_HiDe_oG_Remix309.mp3309_analysis.txt,in_This_aLLey_Where_i_HiDe_oG_Remix309.mp3309_analysis.txt,23.76,Medium file | Text content | AI/ML related | Part of 'YouTube Content' project,Pending
/Users/steven/Music/analysis/in_This_aLLey_Where_i_HiDe_oG_Remix304.mp3304_analysis.txt,~/Documents/CsV/AI-ML/in_This_aLLey_Where_i_HiDe_oG_Remix304.mp3304_analysis.txt,in_This_aLLey_Where_i_HiDe_oG_Remix304.mp3304_analysis.txt,23.76,Medium file | Text content | AI/ML related | Part of 'YouTube Content' project,Pending
/Users/steven/Music/analysis/in_This_aLLey_Where_i_HiDe_oG_Remix_grity343.mp3343_analysis.txt,~/Documents/CsV/AI-ML/in_This_aLLey_Where_i_HiDe_oG_Remix_grity343.mp3343_analysis.txt,in_This_aLLey_Where_i_HiDe_oG_Remix_grity343.mp3343_analysis.txt,23.76,Medium file | Text content | AI/ML related | Part of 'YouTube Content' project,Pending
/Users/steven/Music/analysis/in_This_aLLey_Where_i_HiDe_oG_Remix_grity232.mp3232_analysis.txt,~/Documents/CsV/AI-ML/in_This_aLLey_Where_i_HiDe_oG_Remix_grity232.mp3232_analysis.txt,in_This_aLLey_Where_i_HiDe_oG_Remix_grity232.mp3232_analysis.txt,23.76,Medium file | Text content | AI/ML related | Part of 'YouTube Content' project,Pending
/Users/steven/Music/analysis/in_This_aLLey_Where_i_HiDe_oG_Remix258.mp3258_analysis.txt,~/Documents/CsV/AI-ML/in_This_aLLey_Where_i_HiDe_oG_Remix258.mp3258_analysis.txt,in_This_aLLey_Where_i_HiDe_oG_Remix258.mp3258_analysis.txt,23.76,Medium file | Text content | AI/ML related | Part of 'YouTube Content' project,Pending
/Users/steven/Music/analysis/in_This_aLLey_Where_i_HiDe_oG_Remix239.mp3239_analysis.txt,~/Documents/CsV/AI-ML/in_This_aLLey_Where_i_HiDe_oG_Remix239.mp3239_analysis.txt,in_This_aLLey_Where_i_HiDe_oG_Remix239.mp3239_analysis.txt,23.76,Medium file | Text content | AI/ML related | Part of 'YouTube Content' project,Pending
/Users/steven/Music/analysis/in_This_aLLey_Where_i_HiDe_oG_Remix322.mp3322_analysis.txt,~/Documents/CsV/AI-ML/in_This_aLLey_Where_i_HiDe_oG_Remix322.mp3322_analysis.txt,in_This_aLLey_Where_i_HiDe_oG_Remix322.mp3322_analysis.txt,23.76,Medium file | Text content | AI/ML related | Part of 'YouTube Content' project,Pending
/Users/steven/Music/analysis/in_This_aLLey_Where_i_HiDe_oG_Remix_grity309.mp3309_analysis.txt,~/Documents/CsV/AI-ML/in_This_aLLey_Where_i_HiDe_oG_Remix_grity309.mp3309_analysis.txt,in_This_aLLey_Where_i_HiDe_oG_Remix_grity309.mp3309_analysis.txt,23.76,Medium file | Text content | AI/ML related | Part of 'YouTube Content' project,Pending
/Users/steven/Music/analysis/in_This_aLLey_Where_i_HiDe_oG_Remix324.mp3324_analysis.txt,~/Documents/CsV/AI-ML/in_This_aLLey_Where_i_HiDe_oG_Remix324.mp3324_analysis.txt,in_This_aLLey_Where_i_HiDe_oG_Remix324.mp3324_analysis.txt,23.76,Medium file | Text content | AI/ML related | Part of 'YouTube Content' project,Pending
/Users/steven/Music/analysis/in_This_aLLey_Where_i_HiDe_oG_Remix530.mp3530_analysis.txt,~/Documents/CsV/AI-ML/in_This_aLLey_Where_i_HiDe_oG_Remix530.mp3530_analysis.txt,in_This_aLLey_Where_i_HiDe_oG_Remix530.mp3530_analysis.txt,23.76,Medium file | Text content | AI/ML related | Part of 'YouTube Content' project,Pending
/Users/steven/Music/analysis/in_This_aLLey_Where_i_HiDe_oG_Remix259.mp3259_analysis.txt,~/Documents/CsV/AI-ML/in_This_aLLey_Where_i_HiDe_oG_Remix259.mp3259_analysis.txt,in_This_aLLey_Where_i_HiDe_oG_Remix259.mp3259_analysis.txt,23.76,Medium file | Text content | AI/ML related | Part of 'YouTube Content' project,Pending
/Users/steven/Music/analysis/in_This_aLLey_Where_i_HiDe_oG_Remix235.mp3235_analysis.txt,~/Documents/CsV/AI-ML/in_This_aLLey_Where_i_HiDe_oG_Remix235.mp3235_analysis.txt,in_This_aLLey_Where_i_HiDe_oG_Remix235.mp3235_analysis.txt,23.76,Medium file | Text content | AI/ML related | Part of 'YouTube Content' project,Pending
/Users/steven/Music/analysis/in_This_aLLey_Where_i_HiDe_oG_Remix254.mp3254_analysis.txt,~/Documents/CsV/AI-ML/in_This_aLLey_Where_i_HiDe_oG_Remix254.mp3254_analysis.txt,in_This_aLLey_Where_i_HiDe_oG_Remix254.mp3254_analysis.txt,23.76,Medium file | Text content | AI/ML related | Part of 'YouTube Content' project,Pending
/Users/steven/Music/analysis/in_This_aLLey_Where_i_HiDe_oG_Remix_grity308.mp3308_analysis.txt,~/Documents/CsV/AI-ML/in_This_aLLey_Where_i_HiDe_oG_Remix_grity308.mp3308_analysis.txt,in_This_aLLey_Where_i_HiDe_oG_Remix_grity308.mp3308_analysis.txt,23.76,Medium file | Text content | AI/ML related | Part of 'YouTube Content' project,Pending
/Users/steven/Music/analysis/in_This_aLLey_Where_i_HiDe_oG_Remix252.mp3252_analysis.txt,~/Documents/CsV/AI-ML/in_This_aLLey_Where_i_HiDe_oG_Remix252.mp3252_analysis.txt,in_This_aLLey_Where_i_HiDe_oG_Remix252.mp3252_analysis.txt,23.76,Medium file | Text content | AI/ML related | Part of 'YouTube Content' project,Pending
/Users/steven/Music/analysis/LoVe_is_RuBBisH_and_RuBBiSh_is_LoVe247_analysis.txt,~/Documents/CsV/AI-ML/LoVe_is_RuBBisH_and_RuBBiSh_is_LoVe247_analysis.txt,LoVe_is_RuBBisH_and_RuBBiSh_is_LoVe247_analysis.txt,23.66,Medium file | Markdown content | AI/ML related | Part of 'Portfolio Projects' project,Pending
/Users/steven/Music/Under the watchful eye of atlas park.wav,~/Documents/CsV/AI-ML/Under the watchful eye of atlas park.wav,Under the watchful eye of atlas park.wav,23.21,Large file | Wav content | AI/ML related,Pending
/Users/steven/Music/analysis/No_Crown_No_Chains229_analysis.txt,~/Documents/CsV/AI-ML/No_Crown_No_Chains229_analysis.txt,No_Crown_No_Chains229_analysis.txt,22.74,Medium file | Markdown content | AI/ML related | Part of 'YouTube Content' project,Pending
/Users/steven/Music/analysis/Heroes_Rise__-_Villains_Overthrow_(Remastered)2_analysis.txt,~/Documents/CsV/AI-ML/Heroes_Rise__-_Villains_Overthrow_(Remastered)2_analysis.txt,Heroes_Rise__-_Villains_Overthrow_(Remastered)2_analysis.txt,22.65,Medium file | Text content | AI/ML related,Pending
/Users/steven/Music/analysis/in_this_alley_where_i_Hide LIVE_-_CuT-og (3)_analysis.txt,~/Documents/CsV/AI-ML/in_this_alley_where_i_Hide LIVE_-_CuT-og (3)_analysis.txt,in_this_alley_where_i_Hide LIVE_-_CuT-og (3)_analysis.txt,22.11,Medium file | Markdown content | AI/ML related | Part of 'YouTube Content' project,Pending
/Users/steven/Music/analysis/Kbong - In Session_analysis.txt,~/Documents/CsV/AI-ML/Kbong - In Session_analysis.txt,Kbong - In Session_analysis.txt,21.99,Medium file | Markdown content | AI/ML related | Part of 'Portfolio Projects' project,Pending
/Users/steven/Music/analysis/rubbish-manga_analysis 2.txt,~/Documents/CsV/AI-ML/rubbish-manga_analysis 2.txt,rubbish-manga_analysis 2.txt,21.59,Medium file | Markdown content | AI/ML related | Part of 'YouTube Content' project,Pending
/Users/steven/Music/analysis/Heroes_Rise__-_Villains_Overthrow_Remastered_Remix143_analysis.txt,~/Documents/CsV/AI-ML/Heroes_Rise__-_Villains_Overthrow_Remastered_Remix143_analysis.txt,Heroes_Rise__-_Villains_Overthrow_Remastered_Remix143_analysis.txt,20.36,Small file | Text content | AI/ML related,Pending
/Users/steven/Music/analysis/Heroes_Rise__-_Villains_Overthrow_Remastered_Remix227_analysis.txt,~/Documents/CsV/AI-ML/Heroes_Rise__-_Villains_Overthrow_Remastered_Remix227_analysis.txt,Heroes_Rise__-_Villains_Overthrow_Remastered_Remix227_analysis.txt,20.36,Small file | Text content | AI/ML related,Pending
/Users/steven/Music/analysis/Heroes_Rise__-_Villains_Overthrow_Remastered214_analysis.txt,~/Documents/CsV/AI-ML/Heroes_Rise__-_Villains_Overthrow_Remastered214_analysis.txt,Heroes_Rise__-_Villains_Overthrow_Remastered214_analysis.txt,20.36,Small file | Text content | AI/ML related,Pending
/Users/steven/Music/analysis/Heroes_Rise__-_Villains_Overthrow_Remastered_analysis.txt,~/Documents/CsV/AI-ML/Heroes_Rise__-_Villains_Overthrow_Remastered_analysis.txt,Heroes_Rise__-_Villains_Overthrow_Remastered_analysis.txt,20.36,Small file | Text content | AI/ML related,Pending
/Users/steven/Music/analysis/Petals_Fall_RooTs_ReMain301_analysis.txt,~/Documents/CsV/AI-ML/Petals_Fall_RooTs_ReMain301_analysis.txt,Petals_Fall_RooTs_ReMain301_analysis.txt,20.36,Small file | Text content | AI/ML related,Pending
/Users/steven/zip-csv.txt,~/Documents/CsV/AI-ML/zip-csv.txt,zip-csv.txt,20.16,Medium file | Text content | AI/ML related | Part of 'As-a-Man-Thinketh' project,Pending
/Users/steven/update-log-20260103-201409.log,~/Documents/CsV/AI-ML/update-log-20260103-201409.log,update-log-20260103-201409.log,19.60,Medium file | Log content | AI/ML related | Part of 'YouTube Content' project,Pending
/Users/steven/Music/analysis/Feather_Fang_üêç_Spirit_Sang_(Flute_Ritual_Remix)_analysis.txt,~/Documents/CsV/AI-ML/Feather_Fang_üêç_Spirit_Sang_(Flute_Ritual_Remix)_analysis.txt,Feather_Fang_üêç_Spirit_Sang_(Flute_Ritual_Remix)_analysis.txt,19.04,Small file | Text content | AI/ML related,Pending
/Users/steven/Music/analysis/Love_is_rubbish_Lets_Get_Trashy_plucky_indieRemix257_analysis 2.txt,~/Documents/CsV/AI-ML/Love_is_rubbish_Lets_Get_Trashy_plucky_indieRemix257_analysis 2.txt,Love_is_rubbish_Lets_Get_Trashy_plucky_indieRemix257_analysis 2.txt,19.04,Small file | Text content | AI/ML related,Pending
/Users/steven/Music/analysis/Echoes_of_Moonlight_Remastered-2-in-this-alley_analysis.txt,~/Documents/CsV/AI-ML/Echoes_of_Moonlight_Remastered-2-in-this-alley_analysis.txt,Echoes_of_Moonlight_Remastered-2-in-this-alley_analysis.txt,19.04,Small file | Text content | AI/ML related,Pending
/Users/steven/Music/analysis/in_this_alley_where_i_Hide_LIVE_-_CuT-og304_analysis.txt,~/Documents/CsV/AI-ML/in_this_alley_where_i_Hide_LIVE_-_CuT-og304_analysis.txt,in_this_alley_where_i_Hide_LIVE_-_CuT-og304_analysis.txt,19.04,Small file | Text content | AI/ML related,Pending
/Users/steven/Music/analysis/in_This_aLLey_Where_i_HiDe-oG_Remix-grity249_analysis.txt,~/Documents/CsV/AI-ML/in_This_aLLey_Where_i_HiDe-oG_Remix-grity249_analysis.txt,in_This_aLLey_Where_i_HiDe-oG_Remix-grity249_analysis.txt,19.04,Small file | Text content | AI/ML related,Pending
"/Users/steven/Music/analysis/Feather_Fang,_Spirit_Sang_(Tribal_Rock_Ritual)_analysis.txt","~/Documents/CsV/AI-ML/Feather_Fang,_Spirit_Sang_(Tribal_Rock_Ritual)_analysis.txt","Feather_Fang,_Spirit_Sang_(Tribal_Rock_Ritual)_analysis.txt",19.04,Small file | Text content | AI/ML related,Pending
/Users/steven/Music/analysis/Echoes_of_Moonlight_(Remastered)-in-this-alley_analysis.txt,~/Documents/CsV/AI-ML/Echoes_of_Moonlight_(Remastered)-in-this-alley_analysis.txt,Echoes_of_Moonlight_(Remastered)-in-this-alley_analysis.txt,19.04,Small file | Text content | AI/ML related,Pending
/Users/steven/Music/analysis/in_This_aLLey_Where_i_HiDe-oG_Remix-grity232_analysis.txt,~/Documents/CsV/AI-ML/in_This_aLLey_Where_i_HiDe-oG_Remix-grity232_analysis.txt,in_This_aLLey_Where_i_HiDe-oG_Remix-grity232_analysis.txt,19.04,Small file | Text content | AI/ML related,Pending
/Users/steven/Music/analysis/in_This_aLLey_Where_i_HiDe-oG_Remix303_analysis.txt,~/Documents/CsV/AI-ML/in_This_aLLey_Where_i_HiDe-oG_Remix303_analysis.txt,in_This_aLLey_Where_i_HiDe-oG_Remix303_analysis.txt,19.04,Small file | Text content | AI/ML related,Pending
/Users/steven/Music/analysis/in_This_aLLey_Where_i_HiDe-oG_Remix-grity343_analysis.txt,~/Documents/CsV/AI-ML/in_This_aLLey_Where_i_HiDe-oG_Remix-grity343_analysis.txt,in_This_aLLey_Where_i_HiDe-oG_Remix-grity343_analysis.txt,19.04,Small file | Text content | AI/ML related,Pending
/Users/steven/Music/analysis/in_This_aLLey_Where_i_HiDe-oG_Remix-grity308_analysis.txt,~/Documents/CsV/AI-ML/in_This_aLLey_Where_i_HiDe-oG_Remix-grity308_analysis.txt,in_This_aLLey_Where_i_HiDe-oG_Remix-grity308_analysis.txt,19.04,Small file | Text content | AI/ML related,Pending
/Users/steven/Music/analysis/in_This_aLLey_Where_i_HiDe-oG_Remix-grity256_analysis.txt,~/Documents/CsV/AI-ML/in_This_aLLey_Where_i_HiDe-oG_Remix-grity256_analysis.txt,in_This_aLLey_Where_i_HiDe-oG_Remix-grity256_analysis.txt,19.04,Small file | Text content | AI/ML related,Pending
/Users/steven/Music/analysis/in_This_aLLey_Where_i_HiDe-oG_Remix-grity251_analysis.txt,~/Documents/CsV/AI-ML/in_This_aLLey_Where_i_HiDe-oG_Remix-grity251_analysis.txt,in_This_aLLey_Where_i_HiDe-oG_Remix-grity251_analysis.txt,19.04,Small file | Text content | AI/ML related,Pending
/Users/steven/Music/analysis/Echoes_of_Moonlight_Remastered-in-this-alley_analysis.txt,~/Documents/CsV/AI-ML/Echoes_of_Moonlight_Remastered-in-this-alley_analysis.txt,Echoes_of_Moonlight_Remastered-in-this-alley_analysis.txt,19.04,Small file | Text content | AI/ML related,Pending
/Users/steven/Music/analysis/Feather_Fang__Spirit_Sang_Flute_Ritual_Remix_analysis.txt,~/Documents/CsV/AI-ML/Feather_Fang__Spirit_Sang_Flute_Ritual_Remix_analysis.txt,Feather_Fang__Spirit_Sang_Flute_Ritual_Remix_analysis.txt,19.04,Small file | Text content | AI/ML related,Pending
/Users/steven/Music/analysis/in_This_aLLey_Where_i_HiDe-oG_Remix-grity309_analysis.txt,~/Documents/CsV/AI-ML/in_This_aLLey_Where_i_HiDe-oG_Remix-grity309_analysis.txt,in_This_aLLey_Where_i_HiDe-oG_Remix-grity309_analysis.txt,19.04,Small file | Text content | AI/ML related,Pending
/Users/steven/Music/analysis/Willow_Whispers_Feelers_Chill_Remastered348_analysis.txt,~/Documents/CsV/AI-ML/Willow_Whispers_Feelers_Chill_Remastered348_analysis.txt,Willow_Whispers_Feelers_Chill_Remastered348_analysis.txt,19.04,Small file | Text content | AI/ML related,Pending
/Users/steven/Music/analysis/No_More_Love_Songs_-_Encore_Remastered_dup1_analysis.txt,~/Documents/CsV/AI-ML/No_More_Love_Songs_-_Encore_Remastered_dup1_analysis.txt,No_More_Love_Songs_-_Encore_Remastered_dup1_analysis.txt,19.04,Small file | Text content | AI/ML related,Pending
/Users/steven/Music/analysis/Murray_Kyle_-_Standing_on_One_Side_mix_dup1_analysis.txt,~/Documents/CsV/AI-ML/Murray_Kyle_-_Standing_on_One_Side_mix_dup1_analysis.txt,Murray_Kyle_-_Standing_on_One_Side_mix_dup1_analysis.txt,19.04,Small file | Text content | AI/ML related,Pending
/Users/steven/Music/analysis/in_this_alley_where_i_Hide_-_LIVE_-_CuT-og_analysis.txt,~/Documents/CsV/AI-ML/in_this_alley_where_i_Hide_-_LIVE_-_CuT-og_analysis.txt,in_this_alley_where_i_Hide_-_LIVE_-_CuT-og_analysis.txt,19.04,Small file | Text content | AI/ML related,Pending
/Users/steven/Music/analysis/Blues in the Moonlit Nights _ [Remastered]_analysis.txt,~/Documents/CsV/AI-ML/Blues in the Moonlit Nights _ [Remastered]_analysis.txt,Blues in the Moonlit Nights _ [Remastered]_analysis.txt,19.04,Small file | Text content | AI/ML related,Pending
/Users/steven/Music/analysis/Love_is_rubbish_Lets_Get_Trashy_Remastered_analysis 2.txt,~/Documents/CsV/AI-ML/Love_is_rubbish_Lets_Get_Trashy_Remastered_analysis 2.txt,Love_is_rubbish_Lets_Get_Trashy_Remastered_analysis 2.txt,19.04,Small file | Text content | AI/ML related,Pending
/Users/steven/Music/analysis/Love_in_Imperfection_-indie-Folk-Dark-323_analysis.txt,~/Documents/CsV/AI-ML/Love_in_Imperfection_-indie-Folk-Dark-323_analysis.txt,Love_in_Imperfection_-indie-Folk-Dark-323_analysis.txt,19.04,Small file | Text content | AI/ML related,Pending
/Users/steven/Music/analysis/No_More_Love_Songs_No_More_Lies_v4-2_dup1_analysis.txt,~/Documents/CsV/AI-ML/No_More_Love_Songs_No_More_Lies_v4-2_dup1_analysis.txt,No_More_Love_Songs_No_More_Lies_v4-2_dup1_analysis.txt,19.04,Small file | Text content | AI/ML related,Pending
/Users/steven/Music/analysis/Love_is_rubbish_Lets_Get_Trashy_Remix329_analysis.txt,~/Documents/CsV/AI-ML/Love_is_rubbish_Lets_Get_Trashy_Remix329_analysis.txt,Love_is_rubbish_Lets_Get_Trashy_Remix329_analysis.txt,19.04,Small file | Text content | AI/ML related,Pending
/Users/steven/Music/analysis/in_This_aLLey_Where_i_HiDe_Remastered_x2_analysis.txt,~/Documents/CsV/AI-ML/in_This_aLLey_Where_i_HiDe_Remastered_x2_analysis.txt,in_This_aLLey_Where_i_HiDe_Remastered_x2_analysis.txt,19.04,Small file | Text content | AI/ML related,Pending
/Users/steven/Music/analysis/Murray_Kyle_-_Standing_on_One_Side_dup1_analysis.txt,~/Documents/CsV/AI-ML/Murray_Kyle_-_Standing_on_One_Side_dup1_analysis.txt,Murray_Kyle_-_Standing_on_One_Side_dup1_analysis.txt,19.04,Small file | Text content | AI/ML related,Pending
/Users/steven/Music/analysis/The_Sound_of_Ancestors_Remastered_analysis.txt,~/Documents/CsV/AI-ML/The_Sound_of_Ancestors_Remastered_analysis.txt,The_Sound_of_Ancestors_Remastered_analysis.txt,19.04,Small file | Text content | AI/ML related,Pending
/Users/steven/Music/analysis/in_This_aLLey_Where_i_HiDe-oG_Remix242_analysis.txt,~/Documents/CsV/AI-ML/in_This_aLLey_Where_i_HiDe-oG_Remix242_analysis.txt,in_This_aLLey_Where_i_HiDe-oG_Remix242_analysis.txt,19.04,Small file | Text content | AI/ML related,Pending
/Users/steven/Music/analysis/Dance_Like_Nobodys_Watching_Remastered1_analysis.txt,~/Documents/CsV/AI-ML/Dance_Like_Nobodys_Watching_Remastered1_analysis.txt,Dance_Like_Nobodys_Watching_Remastered1_analysis.txt,19.04,Small file | Text content | AI/ML related,Pending
/Users/steven/Music/analysis/in_This_aLLey_Where_i_HiDe-oG_Remix244_analysis.txt,~/Documents/CsV/AI-ML/in_This_aLLey_Where_i_HiDe-oG_Remix244_analysis.txt,in_This_aLLey_Where_i_HiDe-oG_Remix244_analysis.txt,19.04,Small file | Text content | AI/ML related,Pending
/Users/steven/Music/analysis/in_This_aLLey_Where_i_HiDe-oG_Remix235_analysis.txt,~/Documents/CsV/AI-ML/in_This_aLLey_Where_i_HiDe-oG_Remix235_analysis.txt,in_This_aLLey_Where_i_HiDe-oG_Remix235_analysis.txt,19.04,Small file | Text content | AI/ML related,Pending
/Users/steven/Music/analysis/in_This_aLLey_Where_i_HiDe-oG_Remix305_analysis.txt,~/Documents/CsV/AI-ML/in_This_aLLey_Where_i_HiDe-oG_Remix305_analysis.txt,in_This_aLLey_Where_i_HiDe-oG_Remix305_analysis.txt,19.04,Small file | Text content | AI/ML related,Pending
/Users/steven/Music/analysis/Junkyard_Symphony_Scraps2_(Remastered)_analysis.txt,~/Documents/CsV/AI-ML/Junkyard_Symphony_Scraps2_(Remastered)_analysis.txt,Junkyard_Symphony_Scraps2_(Remastered)_analysis.txt,19.04,Small file | Text content | AI/ML related,Pending
/Users/steven/Music/analysis/bite_in_the_night322-indie-grunge-pluck_analysis.txt,~/Documents/CsV/AI-ML/bite_in_the_night322-indie-grunge-pluck_analysis.txt,bite_in_the_night322-indie-grunge-pluck_analysis.txt,19.04,Small file | Text content | AI/ML related,Pending
/Users/steven/Music/analysis/epic_fantasy_battle_ballade_Remix_dup1_analysis.txt,~/Documents/CsV/AI-ML/epic_fantasy_battle_ballade_Remix_dup1_analysis.txt,epic_fantasy_battle_ballade_Remix_dup1_analysis.txt,19.04,Small file | Text content | AI/ML related,Pending
/Users/steven/Music/analysis/in_This_aLLey_Where_i_HiDe-oG_Remix304_analysis.txt,~/Documents/CsV/AI-ML/in_This_aLLey_Where_i_HiDe-oG_Remix304_analysis.txt,in_This_aLLey_Where_i_HiDe-oG_Remix304_analysis.txt,19.04,Small file | Text content | AI/ML related,Pending
/Users/steven/Music/analysis/Kings_and_Queens_of_Litter_Remastered_analysis.txt,~/Documents/CsV/AI-ML/Kings_and_Queens_of_Litter_Remastered_analysis.txt,Kings_and_Queens_of_Litter_Remastered_analysis.txt,19.04,Small file | Text content | AI/ML related,Pending
/Users/steven/Music/analysis/in_This_aLLey_Where_i_HiDe-oG_Remix249_analysis.txt,~/Documents/CsV/AI-ML/in_This_aLLey_Where_i_HiDe-oG_Remix249_analysis.txt,in_This_aLLey_Where_i_HiDe-oG_Remix249_analysis.txt,19.04,Small file | Text content | AI/ML related,Pending
/Users/steven/Music/analysis/in_This_aLLey_Where_i_HiDe-oG_Remix239_analysis.txt,~/Documents/CsV/AI-ML/in_This_aLLey_Where_i_HiDe-oG_Remix239_analysis.txt,in_This_aLLey_Where_i_HiDe-oG_Remix239_analysis.txt,19.04,Small file | Text content | AI/ML related,Pending
/Users/steven/Music/analysis/epic_fantasy_battle_ballade_dup1_dup1_analysis.txt,~/Documents/CsV/AI-ML/epic_fantasy_battle_ballade_dup1_dup1_analysis.txt,epic_fantasy_battle_ballade_dup1_dup1_analysis.txt,19.04,Small file | Text content | AI/ML related,Pending
/Users/steven/Music/analysis/No_More_Love_Songs_Remastered107_dup1_analysis.txt,~/Documents/CsV/AI-ML/No_More_Love_Songs_Remastered107_dup1_analysis.txt,No_More_Love_Songs_Remastered107_dup1_analysis.txt,19.04,Small file | Text content | AI/ML related,Pending
/Users/steven/Music/analysis/Blues in the Moonlit Nights_20_analysis.txt,~/Documents/CsV/AI-ML/Blues in the Moonlit Nights_20_analysis.txt,Blues in the Moonlit Nights_20_analysis.txt,19.04,Small file | Text content | AI/ML related,Pending
/Users/steven/Music/analysis/in_This_aLLey_Where_i_HiDe-reflective_analysis.txt,~/Documents/CsV/AI-ML/in_This_aLLey_Where_i_HiDe-reflective_analysis.txt,in_This_aLLey_Where_i_HiDe-reflective_analysis.txt,19.04,Small file | Text content | AI/ML related,Pending
/Users/steven/Music/analysis/No_More_Love_Songs_No_More_Lies_v4-2_analysis.txt,~/Documents/CsV/AI-ML/No_More_Love_Songs_No_More_Lies_v4-2_analysis.txt,No_More_Love_Songs_No_More_Lies_v4-2_analysis.txt,19.04,Small file | Text content | AI/ML related,Pending
/Users/steven/Music/analysis/Vine_of_the_Void_Remix_Blessed_analysis.txt,~/Documents/CsV/AI-ML/Vine_of_the_Void_Remix_Blessed_analysis.txt,Vine_of_the_Void_Remix_Blessed_analysis.txt,19.04,Small file | Text content | AI/ML related,Pending
/Users/steven/Music/analysis/Stacie_the_Wind_Dont_Ask_Why332_analysis.txt,~/Documents/CsV/AI-ML/Stacie_the_Wind_Dont_Ask_Why332_analysis.txt,Stacie_the_Wind_Dont_Ask_Why332_analysis.txt,19.04,Small file | Text content | AI/ML related,Pending
/Users/steven/Music/analysis/Echoes_of_Yesterday_Remastered2_alt1_analysis.txt,~/Documents/CsV/AI-ML/Echoes_of_Yesterday_Remastered2_alt1_analysis.txt,Echoes_of_Yesterday_Remastered2_alt1_analysis.txt,19.04,Small file | Text content | AI/ML related,Pending
/Users/steven/Music/analysis/in-this-alley-where-i-hide-grunge259_analysis.txt,~/Documents/CsV/AI-ML/in-this-alley-where-i-hide-grunge259_analysis.txt,in-this-alley-where-i-hide-grunge259_analysis.txt,19.04,Small file | Text content | AI/ML related,Pending
/Users/steven/Music/analysis/Feather_Fang_Spirit_Sang_Violin_Duo_analysis.txt,~/Documents/CsV/AI-ML/Feather_Fang_Spirit_Sang_Violin_Duo_analysis.txt,Feather_Fang_Spirit_Sang_Violin_Duo_analysis.txt,19.04,Small file | Text content | AI/ML related,Pending
/Users/steven/Music/analysis/epic_fantasy_battle_ballade_(Remix)_analysis.txt,~/Documents/CsV/AI-ML/epic_fantasy_battle_ballade_(Remix)_analysis.txt,epic_fantasy_battle_ballade_(Remix)_analysis.txt,19.04,Small file | Text content | AI/ML related,Pending
/Users/steven/Music/analysis/Sammys_Serenade_Remastered_LadyGroup_analysis.txt,~/Documents/CsV/AI-ML/Sammys_Serenade_Remastered_LadyGroup_analysis.txt,Sammys_Serenade_Remastered_LadyGroup_analysis.txt,19.04,Small file | Text content | AI/ML related,Pending
/Users/steven/Music/analysis/Murray_Kyle_-_Standing_on_One_Side_analysis.txt,~/Documents/CsV/AI-ML/Murray_Kyle_-_Standing_on_One_Side_analysis.txt,Murray_Kyle_-_Standing_on_One_Side_analysis.txt,19.04,Small file | Text content | AI/ML related,Pending
/Users/steven/Music/analysis/Feather_Fang_(Etherial_Duo_Ritual)_analysis.txt,~/Documents/CsV/AI-ML/Feather_Fang_(Etherial_Duo_Ritual)_analysis.txt,Feather_Fang_(Etherial_Duo_Ritual)_analysis.txt,19.04,Small file | Text content | AI/ML related,Pending
/Users/steven/Music/analysis/No_More_Love_Songs_No_More_Lies_v4_analysis.txt,~/Documents/CsV/AI-ML/No_More_Love_Songs_No_More_Lies_v4_analysis.txt,No_More_Love_Songs_No_More_Lies_v4_analysis.txt,19.04,Small file | Text content | AI/ML related,Pending
/Users/steven/Music/analysis/Blues in the Moonlit Nights _(3:04)_analysis.txt,~/Documents/CsV/AI-ML/Blues in the Moonlit Nights _(3:04)_analysis.txt,Blues in the Moonlit Nights _(3:04)_analysis.txt,19.04,Small file | Text content | AI/ML related,Pending
/Users/steven/Music/analysis/epic_fantasy_ballade_instrumental_analysis.txt,~/Documents/CsV/AI-ML/epic_fantasy_ballade_instrumental_analysis.txt,epic_fantasy_ballade_instrumental_analysis.txt,19.04,Small file | Text content | AI/ML related,Pending
/Users/steven/Music/analysis/Love_in_Imperfection_Remastered2_analysis.txt,~/Documents/CsV/AI-ML/Love_in_Imperfection_Remastered2_analysis.txt,Love_in_Imperfection_Remastered2_analysis.txt,19.04,Small file | Text content | AI/ML related,Pending
/Users/steven/Music/analysis/Feather_Fang_(Sacred_Drum_Ritual)_analysis.txt,~/Documents/CsV/AI-ML/Feather_Fang_(Sacred_Drum_Ritual)_analysis.txt,Feather_Fang_(Sacred_Drum_Ritual)_analysis.txt,19.04,Small file | Text content | AI/ML related,Pending
/Users/steven/Music/analysis/Tapestry_of_Tyranny_7592_Remix_analysis.txt,~/Documents/CsV/AI-ML/Tapestry_of_Tyranny_7592_Remix_analysis.txt,Tapestry_of_Tyranny_7592_Remix_analysis.txt,19.04,Small file | Text content | AI/ML related,Pending
/Users/steven/Music/analysis/Dance Like Nobody's Watching_219_analysis.txt,~/Documents/CsV/AI-ML/Dance Like Nobody's Watching_219_analysis.txt,Dance Like Nobody's Watching_219_analysis.txt,19.04,Small file | Text content | AI/ML related,Pending
/Users/steven/Music/analysis/No_More_Love_Songs_Remastered107_analysis.txt,~/Documents/CsV/AI-ML/No_More_Love_Songs_Remastered107_analysis.txt,No_More_Love_Songs_Remastered107_analysis.txt,19.04,Small file | Text content | AI/ML related,Pending
/Users/steven/Music/analysis/feather_fang_(duo_flute_ritual)_analysis.txt,~/Documents/CsV/AI-ML/feather_fang_(duo_flute_ritual)_analysis.txt,feather_fang_(duo_flute_ritual)_analysis.txt,19.04,Small file | Text content | AI/ML related,Pending
/Users/steven/Music/analysis/Graves_Before_Throne_Ballad_Remix_analysis.txt,~/Documents/CsV/AI-ML/Graves_Before_Throne_Ballad_Remix_analysis.txt,Graves_Before_Throne_Ballad_Remix_analysis.txt,19.04,Small file | Text content | AI/ML related,Pending
/Users/steven/Music/analysis/The_Alley_King_Remastered_analysis.txt,~/Documents/CsV/AI-ML/The_Alley_King_Remastered_analysis.txt,The_Alley_King_Remastered_analysis.txt,19.04,Small file | Text content | AI/ML related,Pending
/Users/steven/Music/analysis/epic_fantasy_battle_ballade_dup1_analysis.txt,~/Documents/CsV/AI-ML/epic_fantasy_battle_ballade_dup1_analysis.txt,epic_fantasy_battle_ballade_dup1_analysis.txt,19.04,Small file | Text content | AI/ML related,Pending
/Users/steven/Music/analysis/Love_is_rubbish_Lets_Get_Trashy_analysis 2.txt,~/Documents/CsV/AI-ML/Love_is_rubbish_Lets_Get_Trashy_analysis 2.txt,Love_is_rubbish_Lets_Get_Trashy_analysis 2.txt,19.04,Small file | Text content | AI/ML related,Pending
/Users/steven/Music/analysis/Enchanted Woods Song Adventure_analysis.txt,~/Documents/CsV/AI-ML/Enchanted Woods Song Adventure_analysis.txt,Enchanted Woods Song Adventure_analysis.txt,19.04,Small file | Text content | AI/ML related,Pending
/Users/steven/Music/analysis/iBecame_BloodRitualRemix_analysis.txt,~/Documents/CsV/AI-ML/iBecame_BloodRitualRemix_analysis.txt,iBecame_BloodRitualRemix_analysis.txt,19.04,Small file | Text content | AI/ML related,Pending
/Users/steven/Music/analysis/Sammys_Serenade_Remastered_x22-1_analysis.txt,~/Documents/CsV/AI-ML/Sammys_Serenade_Remastered_x22-1_analysis.txt,Sammys_Serenade_Remastered_x22-1_analysis.txt,19.04,Small file | Text content | AI/ML related,Pending
/Users/steven/Music/analysis/The_Plantagenets_Remix324_analysis.txt,~/Documents/CsV/AI-ML/The_Plantagenets_Remix324_analysis.txt,The_Plantagenets_Remix324_analysis.txt,19.04,Small file | Text content | AI/ML related,Pending
/Users/steven/Music/analysis/iBecame_industrialRitual_Bleed_analysis.txt,~/Documents/CsV/AI-ML/iBecame_industrialRitual_Bleed_analysis.txt,iBecame_industrialRitual_Bleed_analysis.txt,19.04,Small file | Text content | AI/ML related,Pending
/Users/steven/Music/analysis/Shadows on the Horizon (1)_225_analysis.txt,~/Documents/CsV/AI-ML/Shadows on the Horizon (1)_225_analysis.txt,Shadows on the Horizon (1)_225_analysis.txt,19.04,Small file | Text content | AI/ML related,Pending
/Users/steven/Music/analysis/Tapestry_of_Tyranny_Remix550_analysis.txt,~/Documents/CsV/AI-ML/Tapestry_of_Tyranny_Remix550_analysis.txt,Tapestry_of_Tyranny_Remix550_analysis.txt,19.04,Small file | Text content | AI/ML related,Pending
/Users/steven/Music/analysis/Blues in the Moonlit Nights_3_analysis.txt,~/Documents/CsV/AI-ML/Blues in the Moonlit Nights_3_analysis.txt,Blues in the Moonlit Nights_3_analysis.txt,19.04,Small file | Text content | AI/ML related,Pending
/Users/steven/Music/analysis/moonly-alley--howling-banjo239_analysis.txt,~/Documents/CsV/AI-ML/moonly-alley--howling-banjo239_analysis.txt,moonly-alley--howling-banjo239_analysis.txt,19.04,Small file | Text content | AI/ML related,Pending
/Users/steven/Music/analysis/Willow_whispers-feelers-chill_analysis.txt,~/Documents/CsV/AI-ML/Willow_whispers-feelers-chill_analysis.txt,Willow_whispers-feelers-chill_analysis.txt,19.04,Small file | Text content | AI/ML related,Pending
/Users/steven/Music/analysis/No_More_Love_Songs_Remastered_analysis.txt,~/Documents/CsV/AI-ML/No_More_Love_Songs_Remastered_analysis.txt,No_More_Love_Songs_Remastered_analysis.txt,19.04,Small file | Text content | AI/ML related,Pending
/Users/steven/Music/analysis/Witches_Road_Remastered_analysis.txt,~/Documents/CsV/AI-ML/Witches_Road_Remastered_analysis.txt,Witches_Road_Remastered_analysis.txt,19.04,Small file | Text content | AI/ML related,Pending
/Users/steven/Music/analysis/Echoes_of_Yesterday_Remastered_analysis.txt,~/Documents/CsV/AI-ML/Echoes_of_Yesterday_Remastered_analysis.txt,Echoes_of_Yesterday_Remastered_analysis.txt,19.04,Small file | Text content | AI/ML related,Pending
/Users/steven/Music/analysis/Dancing_Through_the_Veil_alt1_analysis.txt,~/Documents/CsV/AI-ML/Dancing_Through_the_Veil_alt1_analysis.txt,Dancing_Through_the_Veil_alt1_analysis.txt,19.04,Small file | Text content | AI/ML related,Pending
/Users/steven/Music/analysis/Bite_in_the_Night_Remastered_analysis.txt,~/Documents/CsV/AI-ML/Bite_in_the_Night_Remastered_analysis.txt,Bite_in_the_Night_Remastered_analysis.txt,19.04,Small file | Text content | AI/ML related,Pending
/Users/steven/Music/analysis/Tapestry_of_Tyranny759_analysis.txt,~/Documents/CsV/AI-ML/Tapestry_of_Tyranny759_analysis.txt,Tapestry_of_Tyranny759_analysis.txt,19.04,Small file | Text content | AI/ML related,Pending
/Users/steven/Music/analysis/in the Alley where Hope Flies_analysis.txt,~/Documents/CsV/AI-ML/in the Alley where Hope Flies_analysis.txt,in the Alley where Hope Flies_analysis.txt,19.04,Small file | Text content | AI/ML related,Pending
/Users/steven/Music/analysis/Alley Songs - [Remastered]_1_analysis.txt,~/Documents/CsV/AI-ML/Alley Songs - [Remastered]_1_analysis.txt,Alley Songs - [Remastered]_1_analysis.txt,19.04,Small file | Text content | AI/ML related,Pending
/Users/steven/Music/analysis/Recycled_Symphony2_Remastered_analysis.txt,~/Documents/CsV/AI-ML/Recycled_Symphony2_Remastered_analysis.txt,Recycled_Symphony2_Remastered_analysis.txt,19.04,Small file | Text content | AI/ML related,Pending
/Users/steven/Music/analysis/PeTals_FaLL_Remasteredflutr_analysis.txt,~/Documents/CsV/AI-ML/PeTals_FaLL_Remasteredflutr_analysis.txt,PeTals_FaLL_Remasteredflutr_analysis.txt,19.04,Small file | Text content | AI/ML related,Pending
/Users/steven/Music/analysis/No_More_Love_Songs_-_Encore_analysis.txt,~/Documents/CsV/AI-ML/No_More_Love_Songs_-_Encore_analysis.txt,No_More_Love_Songs_-_Encore_analysis.txt,19.04,Small file | Text content | AI/ML related,Pending
/Users/steven/Music/analysis/iBecame_DuoBloodRitual_alt1_analysis.txt,~/Documents/CsV/AI-ML/iBecame_DuoBloodRitual_alt1_analysis.txt,iBecame_DuoBloodRitual_alt1_analysis.txt,19.04,Small file | Text content | AI/ML related,Pending
/Users/steven/Music/analysis/Feather_Fang__DuoRitualHigh_analysis.txt,~/Documents/CsV/AI-ML/Feather_Fang__DuoRitualHigh_analysis.txt,Feather_Fang__DuoRitualHigh_analysis.txt,19.04,Small file | Text content | AI/ML related,Pending
/Users/steven/Music/analysis/Alley Songs _ [Remastered]_analysis.txt,~/Documents/CsV/AI-ML/Alley Songs _ [Remastered]_analysis.txt,Alley Songs _ [Remastered]_analysis.txt,19.04,Small file | Text content | AI/ML related,Pending
/Users/steven/Music/analysis/i_Became__Vine_of_the_Void_analysis.txt,~/Documents/CsV/AI-ML/i_Became__Vine_of_the_Void_analysis.txt,i_Became__Vine_of_the_Void_analysis.txt,19.04,Small file | Text content | AI/ML related,Pending
/Users/steven/Music/analysis/Kings and Queens of Litter_analysis.txt,~/Documents/CsV/AI-ML/Kings and Queens of Litter_analysis.txt,Kings and Queens of Litter_analysis.txt,19.04,Small file | Text content | AI/ML related,Pending
/Users/steven/Music/analysis/rubbish-love-disarray-244_1_analysis 2.txt,~/Documents/CsV/AI-ML/rubbish-love-disarray-244_1_analysis 2.txt,rubbish-love-disarray-244_1_analysis 2.txt,19.04,Small file | Text content | AI/ML related,Pending
/Users/steven/Music/analysis/In_The_Hollow156-pt2_analysis.txt,~/Documents/CsV/AI-ML/In_The_Hollow156-pt2_analysis.txt,In_The_Hollow156-pt2_analysis.txt,19.04,Small file | Text content | AI/ML related,Pending
/Users/steven/Music/analysis/in This aLLey Where i HiDe_analysis.txt,~/Documents/CsV/AI-ML/in This aLLey Where i HiDe_analysis.txt,in This aLLey Where i HiDe_analysis.txt,19.04,Small file | Text content | AI/ML related,Pending
/Users/steven/Music/analysis/BackAlley_Anthem114_analysis.txt,~/Documents/CsV/AI-ML/BackAlley_Anthem114_analysis.txt,BackAlley_Anthem114_analysis.txt,19.04,Small file | Text content | AI/ML related,Pending
/Users/steven/Music/analysis/The_Spirits_Are_Near__Duo_analysis.txt,~/Documents/CsV/AI-ML/The_Spirits_Are_Near__Duo_analysis.txt,The_Spirits_Are_Near__Duo_analysis.txt,19.04,Small file | Text content | AI/ML related,Pending
/Users/steven/Music/analysis/Bite_in_the_Night-4m-xtra_analysis.txt,~/Documents/CsV/AI-ML/Bite_in_the_Night-4m-xtra_analysis.txt,Bite_in_the_Night-4m-xtra_analysis.txt,19.04,Small file | Text content | AI/ML related,Pending
/Users/steven/Music/analysis/rubbish-love-disarray-309_analysis 2.txt,~/Documents/CsV/AI-ML/rubbish-love-disarray-309_analysis 2.txt,rubbish-love-disarray-309_analysis 2.txt,19.04,Small file | Text content | AI/ML related,Pending
/Users/steven/Music/analysis/Journey Through the Desert_analysis.txt,~/Documents/CsV/AI-ML/Journey Through the Desert_analysis.txt,Journey Through the Desert_analysis.txt,19.04,Small file | Text content | AI/ML related,Pending
/Users/steven/Music/analysis/Book of Memory - (4:03)_1_analysis.txt,~/Documents/CsV/AI-ML/Book of Memory - (4:03)_1_analysis.txt,Book of Memory - (4:03)_1_analysis.txt,19.04,Small file | Text content | AI/ML related,Pending
/Users/steven/Music/analysis/Standing_on_One_Side_mixd_analysis.txt,~/Documents/CsV/AI-ML/Standing_on_One_Side_mixd_analysis.txt,Standing_on_One_Side_mixd_analysis.txt,19.04,Small file | Text content | AI/ML related,Pending
/Users/steven/Music/analysis/Junkyard Symphony 15_311_analysis.txt,~/Documents/CsV/AI-ML/Junkyard Symphony 15_311_analysis.txt,Junkyard Symphony 15_311_analysis.txt,19.04,Small file | Text content | AI/ML related,Pending
/Users/steven/Music/analysis/Chamber_of_Silence_analysis.txt,~/Documents/CsV/AI-ML/Chamber_of_Silence_analysis.txt,Chamber_of_Silence_analysis.txt,19.04,Small file | Text content | AI/ML related,Pending
/Users/steven/Music/analysis/Live_fast_Eat_Trash_alt1_analysis 2.txt,~/Documents/CsV/AI-ML/Live_fast_Eat_Trash_alt1_analysis 2.txt,Live_fast_Eat_Trash_alt1_analysis 2.txt,19.04,Small file | Text content | AI/ML related,Pending
/Users/steven/Music/analysis/Willow_whispersRemastered1_analysis.txt,~/Documents/CsV/AI-ML/Willow_whispersRemastered1_analysis.txt,Willow_whispersRemastered1_analysis.txt,19.04,Small file | Text content | AI/ML related,Pending
/Users/steven/Music/analysis/Blues in the Alley1_359_analysis.txt,~/Documents/CsV/AI-ML/Blues in the Alley1_359_analysis.txt,Blues in the Alley1_359_analysis.txt,19.04,Small file | Text content | AI/ML related,Pending
/Users/steven/Music/analysis/HeavenlyHands-jingle44-2_analysis.txt,~/Documents/CsV/AI-ML/HeavenlyHands-jingle44-2_analysis.txt,HeavenlyHands-jingle44-2_analysis.txt,19.04,Small file | Text content | AI/ML related,Pending
/Users/steven/Music/analysis/Junkyard Symphony 14_311_analysis.txt,~/Documents/CsV/AI-ML/Junkyard Symphony 14_311_analysis.txt,Junkyard Symphony 14_311_analysis.txt,19.04,Small file | Text content | AI/ML related,Pending
/Users/steven/Music/analysis/Love_in_Imperfection_v_4_analysis.txt,~/Documents/CsV/AI-ML/Love_in_Imperfection_v_4_analysis.txt,Love_in_Imperfection_v_4_analysis.txt,19.04,Small file | Text content | AI/ML related,Pending
/Users/steven/Music/analysis/Book of Memory - (3:48)_1_analysis.txt,~/Documents/CsV/AI-ML/Book of Memory - (3:48)_1_analysis.txt,Book of Memory - (3:48)_1_analysis.txt,19.04,Small file | Text content | AI/ML related,Pending
/Users/steven/Music/analysis/BackAlley_Anthem_Raw_204_analysis.txt,~/Documents/CsV/AI-ML/BackAlley_Anthem_Raw_204_analysis.txt,BackAlley_Anthem_Raw_204_analysis.txt,19.04,Small file | Text content | AI/ML related,Pending
/Users/steven/Music/analysis/Shadows on the Horizon_1_analysis.txt,~/Documents/CsV/AI-ML/Shadows on the Horizon_1_analysis.txt,Shadows on the Horizon_1_analysis.txt,19.04,Small file | Text content | AI/ML related,Pending
/Users/steven/Music/analysis/Tapestry_of_Tyranny_Remix_analysis.txt,~/Documents/CsV/AI-ML/Tapestry_of_Tyranny_Remix_analysis.txt,Tapestry_of_Tyranny_Remix_analysis.txt,19.04,Small file | Text content | AI/ML related,Pending
/Users/steven/Music/analysis/Willow_Tree_Remix-154_alt1_analysis.txt,~/Documents/CsV/AI-ML/Willow_Tree_Remix-154_alt1_analysis.txt,Willow_Tree_Remix-154_alt1_analysis.txt,19.04,Small file | Text content | AI/ML related,Pending
/Users/steven/Music/analysis/Alley Songs 9_239_analysis.txt,~/Documents/CsV/AI-ML/Alley Songs 9_239_analysis.txt,Alley Songs 9_239_analysis.txt,19.04,Small file | Text content | AI/ML related,Pending
/Users/steven/Music/analysis/The_Plantagenets314_dup1_analysis.txt,~/Documents/CsV/AI-ML/The_Plantagenets314_dup1_analysis.txt,The_Plantagenets314_dup1_analysis.txt,19.04,Small file | Text content | AI/ML related,Pending
/Users/steven/Music/analysis/HeavenlyHands-jingle44-3_analysis.txt,~/Documents/CsV/AI-ML/HeavenlyHands-jingle44-3_analysis.txt,HeavenlyHands-jingle44-3_analysis.txt,19.04,Small file | Text content | AI/ML related,Pending
/Users/steven/Music/analysis/Book of Memory - (4:18)_analysis.txt,~/Documents/CsV/AI-ML/Book of Memory - (4:18)_analysis.txt,Book of Memory - (4:18)_analysis.txt,19.04,Small file | Text content | AI/ML related,Pending
/Users/steven/Music/analysis/stormchild-girl-chill322_analysis.txt,~/Documents/CsV/AI-ML/stormchild-girl-chill322_analysis.txt,stormchild-girl-chill322_analysis.txt,19.04,Small file | Text content | AI/ML related,Pending
/Users/steven/Music/analysis/HeavenlyHands-jingle125_analysis.txt,~/Documents/CsV/AI-ML/HeavenlyHands-jingle125_analysis.txt,HeavenlyHands-jingle125_analysis.txt,19.04,Small file | Text content | AI/ML related,Pending
/Users/steven/Music/analysis/rocketMan-plucky_Cover_1_analysis.txt,~/Documents/CsV/AI-ML/rocketMan-plucky_Cover_1_analysis.txt,rocketMan-plucky_Cover_1_analysis.txt,19.04,Small file | Text content | AI/ML related,Pending
/Users/steven/Music/analysis/Junkyard Symphony 4_259_analysis.txt,~/Documents/CsV/AI-ML/Junkyard Symphony 4_259_analysis.txt,Junkyard Symphony 4_259_analysis.txt,19.04,Small file | Text content | AI/ML related,Pending
/Users/steven/Music/analysis/Dancing_Through_the_Veil_analysis.txt,~/Documents/CsV/AI-ML/Dancing_Through_the_Veil_analysis.txt,Dancing_Through_the_Veil_analysis.txt,19.04,Small file | Text content | AI/ML related,Pending
/Users/steven/Music/analysis/bookOmemory348-duo_dup1_analysis.txt,~/Documents/CsV/AI-ML/bookOmemory348-duo_dup1_analysis.txt,bookOmemory348-duo_dup1_analysis.txt,19.04,Small file | Text content | AI/ML related,Pending
/Users/steven/Music/analysis/Feather_Fang__EpicLady_analysis.txt,~/Documents/CsV/AI-ML/Feather_Fang__EpicLady_analysis.txt,Feather_Fang__EpicLady_analysis.txt,19.04,Small file | Text content | AI/ML related,Pending
/Users/steven/Music/analysis/Chamber_of_Silence_by__analysis.txt,~/Documents/CsV/AI-ML/Chamber_of_Silence_by__analysis.txt,Chamber_of_Silence_by__analysis.txt,19.04,Small file | Text content | AI/ML related,Pending
/Users/steven/Music/analysis/Junkyard Symphony 21_239_analysis.txt,~/Documents/CsV/AI-ML/Junkyard Symphony 21_239_analysis.txt,Junkyard Symphony 21_239_analysis.txt,19.04,Small file | Text content | AI/ML related,Pending
/Users/steven/Music/analysis/Royal_Succession_analysis.txt,~/Documents/CsV/AI-ML/Royal_Succession_analysis.txt,Royal_Succession_analysis.txt,19.04,Small file | Text content | AI/ML related,Pending
/Users/steven/Music/analysis/HeavenlyHands-jingle52_analysis.txt,~/Documents/CsV/AI-ML/HeavenlyHands-jingle52_analysis.txt,HeavenlyHands-jingle52_analysis.txt,19.04,Small file | Text content | AI/ML related,Pending
/Users/steven/Music/analysis/Blues in the Alley_359_analysis.txt,~/Documents/CsV/AI-ML/Blues in the Alley_359_analysis.txt,Blues in the Alley_359_analysis.txt,19.04,Small file | Text content | AI/ML related,Pending
/Users/steven/Music/analysis/Drink_of_Me_Beast_Remix_analysis.txt,~/Documents/CsV/AI-ML/Drink_of_Me_Beast_Remix_analysis.txt,Drink_of_Me_Beast_Remix_analysis.txt,19.04,Small file | Text content | AI/ML related,Pending
/Users/steven/Music/analysis/iBecame_DuoBloodRitual_analysis.txt,~/Documents/CsV/AI-ML/iBecame_DuoBloodRitual_analysis.txt,iBecame_DuoBloodRitual_analysis.txt,19.04,Small file | Text content | AI/ML related,Pending
/Users/steven/Music/analysis/Tapestry_of_Tyranny714_analysis.txt,~/Documents/CsV/AI-ML/Tapestry_of_Tyranny714_analysis.txt,Tapestry_of_Tyranny714_analysis.txt,19.04,Small file | Text content | AI/ML related,Pending
/Users/steven/Music/analysis/blues in the alley_315_analysis.txt,~/Documents/CsV/AI-ML/blues in the alley_315_analysis.txt,blues in the alley_315_analysis.txt,19.04,Small file | Text content | AI/ML related,Pending
/Users/steven/Music/analysis/Blues in the Alley_340_analysis.txt,~/Documents/CsV/AI-ML/Blues in the Alley_340_analysis.txt,Blues in the Alley_340_analysis.txt,19.04,Small file | Text content | AI/ML related,Pending
/Users/steven/Music/analysis/bookOmemory_403_analysis.txt,~/Documents/CsV/AI-ML/bookOmemory_403_analysis.txt,bookOmemory_403_analysis.txt,19.04,Small file | Text content | AI/ML related,Pending
/Users/steven/Music/analysis/Spiral_Architect_dup1_analysis.txt,~/Documents/CsV/AI-ML/Spiral_Architect_dup1_analysis.txt,Spiral_Architect_dup1_analysis.txt,19.04,Small file | Text content | AI/ML related,Pending
/Users/steven/Music/analysis/rocketMan-plucky_Cover_analysis.txt,~/Documents/CsV/AI-ML/rocketMan-plucky_Cover_analysis.txt,rocketMan-plucky_Cover_analysis.txt,19.04,Small file | Text content | AI/ML related,Pending
/Users/steven/Music/analysis/No_More_Love_Songs249_analysis.txt,~/Documents/CsV/AI-ML/No_More_Love_Songs249_analysis.txt,No_More_Love_Songs249_analysis.txt,19.04,Small file | Text content | AI/ML related,Pending
/Users/steven/Music/analysis/Sammy's Moonlit Blues_analysis.txt,~/Documents/CsV/AI-ML/Sammy's Moonlit Blues_analysis.txt,Sammy's Moonlit Blues_analysis.txt,19.04,Small file | Text content | AI/ML related,Pending
/Users/steven/Music/analysis/Willow_Tree_Remix-154_analysis.txt,~/Documents/CsV/AI-ML/Willow_Tree_Remix-154_analysis.txt,Willow_Tree_Remix-154_analysis.txt,19.04,Small file | Text content | AI/ML related,Pending
/Users/steven/Music/analysis/Willow_whispers-v4-og_analysis.txt,~/Documents/CsV/AI-ML/Willow_whispers-v4-og_analysis.txt,Willow_whispers-v4-og_analysis.txt,19.04,Small file | Text content | AI/ML related,Pending
/Users/steven/Music/analysis/Summer_Love343_analysis.txt,~/Documents/CsV/AI-ML/Summer_Love343_analysis.txt,Summer_Love343_analysis.txt,19.04,Small file | Text content | AI/ML related,Pending
/Users/steven/Music/analysis/Vine_of_the_Void_alt1_analysis.txt,~/Documents/CsV/AI-ML/Vine_of_the_Void_alt1_analysis.txt,Vine_of_the_Void_alt1_analysis.txt,19.04,Small file | Text content | AI/ML related,Pending
/Users/steven/Music/analysis/Summer_Loveremixd3_1_analysis.txt,~/Documents/CsV/AI-ML/Summer_Loveremixd3_1_analysis.txt,Summer_Loveremixd3_1_analysis.txt,19.04,Small file | Text content | AI/ML related,Pending
/Users/steven/Music/analysis/bite_in_the_night338_analysis.txt,~/Documents/CsV/AI-ML/bite_in_the_night338_analysis.txt,bite_in_the_night338_analysis.txt,19.04,Small file | Text content | AI/ML related,Pending
/Users/steven/Music/analysis/Book_Of_Memory413_Alt_analysis.txt,~/Documents/CsV/AI-ML/Book_Of_Memory413_Alt_analysis.txt,Book_Of_Memory413_Alt_analysis.txt,19.04,Small file | Text content | AI/ML related,Pending
/Users/steven/Music/analysis/The_Spirits_Are_Near_analysis.txt,~/Documents/CsV/AI-ML/The_Spirits_Are_Near_analysis.txt,The_Spirits_Are_Near_analysis.txt,19.04,Small file | Text content | AI/ML related,Pending
/Users/steven/Music/analysis/Royal_Succession_alt1_analysis.txt,~/Documents/CsV/AI-ML/Royal_Succession_alt1_analysis.txt,Royal_Succession_alt1_analysis.txt,19.04,Small file | Text content | AI/ML related,Pending
/Users/steven/Music/analysis/Willow_whispers-v4-2_analysis.txt,~/Documents/CsV/AI-ML/Willow_whispers-v4-2_analysis.txt,Willow_whispers-v4-2_analysis.txt,19.04,Small file | Text content | AI/ML related,Pending
/Users/steven/Music/analysis/bite_in_the_night317_analysis.txt,~/Documents/CsV/AI-ML/bite_in_the_night317_analysis.txt,bite_in_the_night317_analysis.txt,19.04,Small file | Text content | AI/ML related,Pending
/Users/steven/Music/analysis/Summer_LoveReMix433_analysis.txt,~/Documents/CsV/AI-ML/Summer_LoveReMix433_analysis.txt,Summer_LoveReMix433_analysis.txt,19.04,Small file | Text content | AI/ML related,Pending
/Users/steven/Music/analysis/Heroes Rise_(2)_159_analysis.txt,~/Documents/CsV/AI-ML/Heroes Rise_(2)_159_analysis.txt,Heroes Rise_(2)_159_analysis.txt,19.04,Small file | Text content | AI/ML related,Pending
/Users/steven/Music/analysis/Heroes RiSe_(3)_159_analysis.txt,~/Documents/CsV/AI-ML/Heroes RiSe_(3)_159_analysis.txt,Heroes RiSe_(3)_159_analysis.txt,19.04,Small file | Text content | AI/ML related,Pending
/Users/steven/Music/analysis/Willow_whispers-folk_analysis.txt,~/Documents/CsV/AI-ML/Willow_whispers-folk_analysis.txt,Willow_whispers-folk_analysis.txt,19.04,Small file | Text content | AI/ML related,Pending
/Users/steven/Music/analysis/RocketMan-342-Cover_analysis.txt,~/Documents/CsV/AI-ML/RocketMan-342-Cover_analysis.txt,RocketMan-342-Cover_analysis.txt,19.04,Small file | Text content | AI/ML related,Pending
/Users/steven/Music/analysis/MoonLightAlley_315_analysis.txt,~/Documents/CsV/AI-ML/MoonLightAlley_315_analysis.txt,MoonLightAlley_315_analysis.txt,19.04,Small file | Text content | AI/ML related,Pending
/Users/steven/Music/analysis/RocketMan-337-Cover_analysis.txt,~/Documents/CsV/AI-ML/RocketMan-337-Cover_analysis.txt,RocketMan-337-Cover_analysis.txt,19.04,Small file | Text content | AI/ML related,Pending
/Users/steven/Music/analysis/Dumpster Fire Life_analysis.txt,~/Documents/CsV/AI-ML/Dumpster Fire Life_analysis.txt,Dumpster Fire Life_analysis.txt,19.04,Small file | Text content | AI/ML related,Pending
/Users/steven/Music/analysis/Alley Songs - [Live]_analysis.txt,~/Documents/CsV/AI-ML/Alley Songs - [Live]_analysis.txt,Alley Songs - [Live]_analysis.txt,19.04,Small file | Text content | AI/ML related,Pending
/Users/steven/Music/analysis/Midnight_Reckoning_analysis.txt,~/Documents/CsV/AI-ML/Midnight_Reckoning_analysis.txt,Midnight_Reckoning_analysis.txt,19.04,Small file | Text content | AI/ML related,Pending
/Users/steven/Music/analysis/Echoes of Moonlight_analysis.txt,~/Documents/CsV/AI-ML/Echoes of Moonlight_analysis.txt,Echoes of Moonlight_analysis.txt,19.04,Small file | Text content | AI/ML related,Pending
/Users/steven/Music/analysis/Book_Of_Memory413_analysis.txt,~/Documents/CsV/AI-ML/Book_Of_Memory413_analysis.txt,Book_Of_Memory413_analysis.txt,19.04,Small file | Text content | AI/ML related,Pending
/Users/steven/Music/analysis/Alley Songs_analysis.txt,~/Documents/CsV/AI-ML/Alley Songs_analysis.txt,Alley Songs_analysis.txt,19.04,Small file | Text content | AI/ML related,Pending
/Users/steven/Music/analysis/Spiral_Architects_analysis.txt,~/Documents/CsV/AI-ML/Spiral_Architects_analysis.txt,Spiral_Architects_analysis.txt,19.04,Small file | Text content | AI/ML related,Pending
/Users/steven/Music/analysis/Grabage Grove_208_analysis.txt,~/Documents/CsV/AI-ML/Grabage Grove_208_analysis.txt,Grabage Grove_208_analysis.txt,19.04,Small file | Text content | AI/ML related,Pending
/Users/steven/Music/analysis/bookOmemory403_1_analysis.txt,~/Documents/CsV/AI-ML/bookOmemory403_1_analysis.txt,bookOmemory403_1_analysis.txt,19.04,Small file | Text content | AI/ML related,Pending
/Users/steven/Music/analysis/blues-in-moonlit_analysis.txt,~/Documents/CsV/AI-ML/blues-in-moonlit_analysis.txt,blues-in-moonlit_analysis.txt,19.04,Small file | Text content | AI/ML related,Pending
/Users/steven/Music/analysis/Heavenly_Hands48_analysis.txt,~/Documents/CsV/AI-ML/Heavenly_Hands48_analysis.txt,Heavenly_Hands48_analysis.txt,19.04,Small file | Text content | AI/ML related,Pending
/Users/steven/Music/analysis/rocketMan_Extend_analysis.txt,~/Documents/CsV/AI-ML/rocketMan_Extend_analysis.txt,rocketMan_Extend_analysis.txt,19.04,Small file | Text content | AI/ML related,Pending
/Users/steven/Music/analysis/Unbroken_Stars-2_analysis.txt,~/Documents/CsV/AI-ML/Unbroken_Stars-2_analysis.txt,Unbroken_Stars-2_analysis.txt,19.04,Small file | Text content | AI/ML related,Pending
/Users/steven/Music/analysis/Trash_Revolution_analysis 2.txt,~/Documents/CsV/AI-ML/Trash_Revolution_analysis 2.txt,Trash_Revolution_analysis 2.txt,19.04,Small file | Text content | AI/ML related,Pending
/Users/steven/Music/analysis/Heavenly_Hands35_analysis.txt,~/Documents/CsV/AI-ML/Heavenly_Hands35_analysis.txt,Heavenly_Hands35_analysis.txt,19.04,Small file | Text content | AI/ML related,Pending
/Users/steven/Music/analysis/Powerful233_dup1_analysis.txt,~/Documents/CsV/AI-ML/Powerful233_dup1_analysis.txt,Powerful233_dup1_analysis.txt,19.04,Small file | Text content | AI/ML related,Pending
/Users/steven/Music/analysis/Spiral_Architect_analysis.txt,~/Documents/CsV/AI-ML/Spiral_Architect_analysis.txt,Spiral_Architect_analysis.txt,19.04,Small file | Text content | AI/ML related,Pending
/Users/steven/Music/analysis/Powerful154_dup1_analysis.txt,~/Documents/CsV/AI-ML/Powerful154_dup1_analysis.txt,Powerful154_dup1_analysis.txt,19.04,Small file | Text content | AI/ML related,Pending
/Users/steven/Music/analysis/Alley Songs 7_239_analysis.txt,~/Documents/CsV/AI-ML/Alley Songs 7_239_analysis.txt,Alley Songs 7_239_analysis.txt,19.04,Small file | Text content | AI/ML related,Pending
/Users/steven/Music/analysis/Heavenly_Hands42_analysis.txt,~/Documents/CsV/AI-ML/Heavenly_Hands42_analysis.txt,Heavenly_Hands42_analysis.txt,19.04,Small file | Text content | AI/ML related,Pending
/Users/steven/Music/analysis/Shadow Messages_analysis.txt,~/Documents/CsV/AI-ML/Shadow Messages_analysis.txt,Shadow Messages_analysis.txt,19.04,Small file | Text content | AI/ML related,Pending
/Users/steven/Music/analysis/rocketMan_Cover_analysis.txt,~/Documents/CsV/AI-ML/rocketMan_Cover_analysis.txt,rocketMan_Cover_analysis.txt,19.04,Small file | Text content | AI/ML related,Pending
/Users/steven/Music/analysis/bookOmemory_dup1_analysis.txt,~/Documents/CsV/AI-ML/bookOmemory_dup1_analysis.txt,bookOmemory_dup1_analysis.txt,19.04,Small file | Text content | AI/ML related,Pending
/Users/steven/Music/analysis/Feather_Fang_Og_analysis.txt,~/Documents/CsV/AI-ML/Feather_Fang_Og_analysis.txt,Feather_Fang_Og_analysis.txt,19.04,Small file | Text content | AI/ML related,Pending
/Users/steven/Music/analysis/Summer_Loveremixd3_analysis.txt,~/Documents/CsV/AI-ML/Summer_Loveremixd3_analysis.txt,Summer_Loveremixd3_analysis.txt,19.04,Small file | Text content | AI/ML related,Pending
/Users/steven/Music/analysis/Petals_Fall copy_analysis.txt,~/Documents/CsV/AI-ML/Petals_Fall copy_analysis.txt,Petals_Fall copy_analysis.txt,19.04,Small file | Text content | AI/ML related,Pending
/Users/steven/Music/analysis/Rhythms_Circle_analysis.txt,~/Documents/CsV/AI-ML/Rhythms_Circle_analysis.txt,Rhythms_Circle_analysis.txt,19.04,Small file | Text content | AI/ML related,Pending
/Users/steven/Music/analysis/bookOmemory403_analysis.txt,~/Documents/CsV/AI-ML/bookOmemory403_analysis.txt,bookOmemory403_analysis.txt,19.04,Small file | Text content | AI/ML related,Pending
/Users/steven/Music/analysis/in-this-alley_analysis.txt,~/Documents/CsV/AI-ML/in-this-alley_analysis.txt,in-this-alley_analysis.txt,19.04,Small file | Text content | AI/ML related,Pending
/Users/steven/Music/analysis/Summer_Love30_analysis.txt,~/Documents/CsV/AI-ML/Summer_Love30_analysis.txt,Summer_Love30_analysis.txt,19.04,Small file | Text content | AI/ML related,Pending
/Users/steven/Music/analysis/BiteinTheNight_analysis.txt,~/Documents/CsV/AI-ML/BiteinTheNight_analysis.txt,BiteinTheNight_analysis.txt,19.04,Small file | Text content | AI/ML related,Pending
/Users/steven/Music/analysis/golden_roots2_analysis.txt,~/Documents/CsV/AI-ML/golden_roots2_analysis.txt,golden_roots2_analysis.txt,19.04,Small file | Text content | AI/ML related,Pending
/Users/steven/Music/analysis/blues-in-moon_analysis.txt,~/Documents/CsV/AI-ML/blues-in-moon_analysis.txt,blues-in-moon_analysis.txt,19.04,Small file | Text content | AI/ML related,Pending
/Users/steven/Music/analysis/Book of Memory_analysis.txt,~/Documents/CsV/AI-ML/Book of Memory_analysis.txt,Book of Memory_analysis.txt,19.04,Small file | Text content | AI/ML related,Pending
/Users/steven/Music/analysis/in-the-alley_analysis.txt,~/Documents/CsV/AI-ML/in-the-alley_analysis.txt,in-the-alley_analysis.txt,19.04,Small file | Text content | AI/ML related,Pending
/Users/steven/Music/analysis/bookOmemory_analysis.txt,~/Documents/CsV/AI-ML/bookOmemory_analysis.txt,bookOmemory_analysis.txt,19.04,Small file | Text content | AI/ML related,Pending
/Users/steven/Music/analysis/think-spoken_analysis.txt,~/Documents/CsV/AI-ML/think-spoken_analysis.txt,think-spoken_analysis.txt,19.04,Small file | Text content | AI/ML related,Pending
/Users/steven/Music/analysis/Heroes Rise_analysis.txt,~/Documents/CsV/AI-ML/Heroes Rise_analysis.txt,Heroes Rise_analysis.txt,19.04,Small file | Text content | AI/ML related,Pending
/Users/steven/Music/analysis/Powerful154_analysis.txt,~/Documents/CsV/AI-ML/Powerful154_analysis.txt,Powerful154_analysis.txt,19.04,Small file | Text content | AI/ML related,Pending
/Users/steven/Music/analysis/Summer_Love_analysis.txt,~/Documents/CsV/AI-ML/Summer_Love_analysis.txt,Summer_Love_analysis.txt,19.04,Small file | Text content | AI/ML related,Pending
/Users/steven/Music/analysis/Witches_Road_analysis.txt,~/Documents/CsV/AI-ML/Witches_Road_analysis.txt,Witches_Road_analysis.txt,19.04,Small file | Text content | AI/ML related,Pending
/Users/steven/Music/analysis/Stormy247_analysis.txt,~/Documents/CsV/AI-ML/Stormy247_analysis.txt,Stormy247_analysis.txt,19.04,Small file | Text content | AI/ML related,Pending
/Users/steven/Music/analysis/Stormy236_analysis.txt,~/Documents/CsV/AI-ML/Stormy236_analysis.txt,Stormy236_analysis.txt,19.04,Small file | Text content | AI/ML related,Pending
/Users/steven/Music/analysis/rubbish0_analysis 2.txt,~/Documents/CsV/AI-ML/rubbish0_analysis 2.txt,rubbish0_analysis 2.txt,19.04,Small file | Text content | AI/ML related,Pending
/Users/steven/Music/analysis/FeLLowCeLlo_analysis.txt,~/Documents/CsV/AI-ML/FeLLowCeLlo_analysis.txt,FeLLowCeLlo_analysis.txt,19.04,Small file | Text content | AI/ML related,Pending
/Users/steven/Music/analysis/Circles_analysis.txt,~/Documents/CsV/AI-ML/Circles_analysis.txt,Circles_analysis.txt,19.04,Small file | Text content | AI/ML related,Pending
/Users/steven/Music/analysis/rubbish_analysis 2.txt,~/Documents/CsV/AI-ML/rubbish_analysis 2.txt,rubbish_analysis 2.txt,19.04,Small file | Text content | AI/ML related,Pending
/Users/steven/Music/analysis/Darkest_analysis.txt,~/Documents/CsV/AI-ML/Darkest_analysis.txt,Darkest_analysis.txt,19.04,Small file | Text content | AI/ML related,Pending
/Users/steven/Music/analysis/Micro_analysis.txt,~/Documents/CsV/AI-ML/Micro_analysis.txt,Micro_analysis.txt,19.04,Small file | Text content | AI/ML related,Pending
/Users/steven/Music/analysis/itchy_analysis.txt,~/Documents/CsV/AI-ML/itchy_analysis.txt,itchy_analysis.txt,19.04,Small file | Text content | AI/ML related,Pending
/Users/steven/Music/analysis/rubbish-manga_analysis.txt,~/Documents/CsV/AI-ML/rubbish-manga_analysis.txt,rubbish-manga_analysis.txt,18.09,Medium file | Markdown content | AI/ML related,Pending
/Users/steven/Music/analysis/WorkShop_Worries_Rhythm_Remix348_analysis.txt,~/Documents/CsV/AI-ML/WorkShop_Worries_Rhythm_Remix348_analysis.txt,WorkShop_Worries_Rhythm_Remix348_analysis.txt,18.00,Small file | Text content | AI/ML related,Pending
/Users/steven/Music/analysis/WorkShop_Worries-duo-410_analysis.txt,~/Documents/CsV/AI-ML/WorkShop_Worries-duo-410_analysis.txt,WorkShop_Worries-duo-410_analysis.txt,18.00,Small file | Text content | AI/ML related,Pending
/Users/steven/Music/analysis/Back_Alley_Anthem_Dumpster_Fire_Edit_analysis.txt,~/Documents/CsV/AI-ML/Back_Alley_Anthem_Dumpster_Fire_Edit_analysis.txt,Back_Alley_Anthem_Dumpster_Fire_Edit_analysis.txt,17.84,Small file | Text content | AI/ML related,Pending
/Users/steven/Music/analysis/Bite in the Night _ [Edit]_analysis.txt,~/Documents/CsV/AI-ML/Bite in the Night _ [Edit]_analysis.txt,Bite in the Night _ [Edit]_analysis.txt,17.84,Small file | Text content | AI/ML related,Pending
/Users/steven/Music/analysis/Book of Memory - [Edit]_2_analysis.txt,~/Documents/CsV/AI-ML/Book of Memory - [Edit]_2_analysis.txt,Book of Memory - [Edit]_2_analysis.txt,17.84,Small file | Text content | AI/ML related,Pending
/Users/steven/Music/analysis/Book of Memory - [Edit]_analysis.txt,~/Documents/CsV/AI-ML/Book of Memory - [Edit]_analysis.txt,Book of Memory - [Edit]_analysis.txt,17.84,Small file | Text content | AI/ML related,Pending
/Users/steven/Music/analysis/BiteinTheNight_(Edit)_analysis.txt,~/Documents/CsV/AI-ML/BiteinTheNight_(Edit)_analysis.txt,BiteinTheNight_(Edit)_analysis.txt,17.84,Small file | Text content | AI/ML related,Pending
/Users/steven/Music/analysis/bookOmemory_Edit_1_analysis.txt,~/Documents/CsV/AI-ML/bookOmemory_Edit_1_analysis.txt,bookOmemory_Edit_1_analysis.txt,17.84,Small file | Text content | AI/ML related,Pending
/Users/steven/Music/analysis/bookOmemory_Edit_analysis.txt,~/Documents/CsV/AI-ML/bookOmemory_Edit_analysis.txt,bookOmemory_Edit_analysis.txt,17.84,Small file | Text content | AI/ML related,Pending
/Users/steven/Music/analysis/Descriptive Origins _ [Remix]_analysis.txt,~/Documents/CsV/AI-ML/Descriptive Origins _ [Remix]_analysis.txt,Descriptive Origins _ [Remix]_analysis.txt,17.52,Small file | Text content | AI/ML related,Pending
/Users/steven/Music/analysis/Descriptive Origins _ [Remix]_1_analysis.txt,~/Documents/CsV/AI-ML/Descriptive Origins _ [Remix]_1_analysis.txt,Descriptive Origins _ [Remix]_1_analysis.txt,17.52,Small file | Text content | AI/ML related,Pending
/Users/steven/Music/analysis/DescriptiveOrigins_Remix_alt1_analysis.txt,~/Documents/CsV/AI-ML/DescriptiveOrigins_Remix_alt1_analysis.txt,DescriptiveOrigins_Remix_alt1_analysis.txt,17.52,Small file | Text content | AI/ML related,Pending
/Users/steven/Music/analysis/DescriptiveOrigins_analysis.txt,~/Documents/CsV/AI-ML/DescriptiveOrigins_analysis.txt,DescriptiveOrigins_analysis.txt,17.52,Small file | Text content | AI/ML related,Pending
/Users/steven/Music/analysis/Witches_Road_Remix244_analysis.txt,~/Documents/CsV/AI-ML/Witches_Road_Remix244_analysis.txt,Witches_Road_Remix244_analysis.txt,12.89,Medium file | Markdown content | AI/ML related,Pending
