Revenue Stream,Status,Priority,Type,Category,Potential Revenue (Year 1),Potential Revenue (Year 2),Potential Revenue (Year 3),Quick_Win_Score,Implementation_Difficulty
DNA Cold Case AI - Per Case Licensing,Ready,High,Passive,SaaS,1250000,4000000,6000000,1250000.0,1
DNA Cold Case AI - API Access,Ready,High,Passive,SaaS,500000,1000000,2000000,500000.0,1
SEO & Marketing Services,Active,Medium,Active,Service,100000,250000,500000,100000.0,1
Web Development Services,Active,Medium,Active,Service,75000,200000,400000,75000.0,1
Retention Suite - SaaS Subscription,Ready,Medium,Passive,SaaS,50000,150000,300000,50000.0,1
Heavenly Hands Cleaning - Services,Active,Medium,Active,Service,50000,100000,150000,50000.0,1
Workspace Organization Suite - SaaS,Ready,Low,Passive,SaaS,50000,150000,300000,50000.0,1
Data Analytics Tools - SaaS,Ready,Low,Passive,SaaS,30000,75000,150000,30000.0,1
Retention Suite - White-label,Ready,Medium,Active,Service,30000,100000,200000,30000.0,1
QuantumForge Labs - SaaS,Ready,Low,Passive,SaaS,30000,75000,150000,30000.0,1
Workspace Organization Suite - Enterprise,Ready,Low,Passive,SaaS,25000,75000,150000,25000.0,1
Professional Consulting - General,Available,Medium,Active,Service,50000,125000,250000,25000.0,2
Professional Consulting - DNA Cold Case,Ready,Medium,Active,Service,25000,75000,150000,25000.0,1
Hookmark Pro - Pro Tier,In Development,High,Passive,SaaS,67000,157000,250000,22333.333333333332,3
QuantumForge Labs - Enterprise,Ready,Low,Passive,SaaS,20000,50000,100000,20000.0,1
Digital Marketplace - Products,Active,Low,Passive,Digital,20000,50000,100000,20000.0,1
Retention Suite - Template Sales,Ready,Low,Passive,Digital,20000,50000,100000,20000.0,1
Heavenly Hands - Automation System,Ready,Low,Passive,SaaS,20000,50000,100000,20000.0,1
Data Analytics Tools - API,Ready,Low,Passive,SaaS,15000,40000,80000,15000.0,1
Digital Marketplace - Subscriptions,Active,Low,Passive,Digital,10000,30000,60000,10000.0,1
Hookmark Pro - Teams Tier,In Development,Medium,Passive,SaaS,30000,75000,150000,10000.0,3
QuantumForge Labs - API Access,Ready,Low,Passive,SaaS,10000,30000,60000,10000.0,1
Education Platform - Course Sales,In Development,Medium,Passive,Digital,30000,100000,200000,10000.0,3
CleanConnect Variations,In Development,Low,Active,Service,25000,75000,150000,8333.333333333334,3
Education Platform - Membership,In Development,Medium,Passive,Digital,20000,75000,150000,6666.666666666667,3
AI-Generated Assets - Stock Sites,Available,Low,Passive,Content,10000,25000,50000,5000.0,2
Music & Audio Assets - Licensing,Available,Low,Passive,Content,10000,25000,50000,5000.0,2
Education Platform - Certification,In Development,Low,Passive,Digital,10000,30000,60000,3333.3333333333335,3
AI-Generated Assets - Direct Licensing,Available,Low,Passive,Content,5000,15000,30000,2500.0,2
Music & Audio Assets - Subscription,Available,Low,Passive,Content,5000,15000,30000,2500.0,2
Suno AI Music - Streaming Revenue,Ready,High,Passive,Content,800,2360,5000,800.0,1
Affiliate Marketing - Software Tools,Not Found,Medium,Passive,Affiliate,0,25000,50000,0.0,5
Affiliate Marketing - Educational Resources,Not Found,Low,Passive,Affiliate,0,10000,20000,0.0,5
Affiliate Marketing - Business Services,Not Found,Low,Passive,Affiliate,0,15000,30000,0.0,5
Licensing & IP - DNA Algorithms,Partially Explored,High,Passive,Licensing,0,500000,2000000,0.0,2
Licensing & IP - Automation Workflows,Not Found,Low,Passive,Licensing,0,50000,150000,0.0,5
Licensing & IP - Software Architectures,Not Found,Low,Passive,Licensing,0,25000,75000,0.0,5
Subscription Box/Service,Not Found,Low,Passive,Digital,0,20000,50000,0.0,5
E-commerce Expansion - Physical Products,Not Found,Low,Passive,E-commerce,0,30000,75000,0.0,5
E-commerce Expansion - Print-on-Demand,Not Found,Low,Passive,E-commerce,0,20000,50000,0.0,5
Advertising Revenue - Website Ads,Not Found,Low,Passive,Advertising,0,15000,30000,0.0,5
E-commerce Expansion - Dropshipping,Not Found,Low,Passive,E-commerce,0,25000,60000,0.0,5
Advertising Revenue - Sponsored Content,Not Found,Low,Passive,Advertising,0,10000,20000,0.0,5
Advertising Revenue - Email List,Not Found,Low,Passive,Advertising,0,5000,15000,0.0,5
Suno AI Music - YouTube Ad Revenue,Ready,High,Passive,Content,0,6000,24000,0.0,1
Suno AI Music - Direct Sales (Bandcamp),Ready,Medium,Passive,Content,0,280,1120,0.0,1
Hookmark Pro - Advanced Content Linker,Ready,High,Passive,SaaS,0,50000,150000,0.0,1
Passive Income Empire - Structure,Not Found,Medium,Passive,Digital,0,0,0,0.0,5
Music Revenue Tracking System,Not Found,Low,Passive,SaaS,0,25000,75000,0.0,5
Podcast-to-Video - Coaching Sprint,Ready,Medium,Active,Service,0,10000,25000,0.0,1
Python Automation Projects - Tactical Income,Not Found,Medium,Active,Service,0,0,0,0.0,5
Freelance/Contract - Upwork/Fiverr,Not Found,Low,Active,Service,0,25000,50000,0.0,5
Freelance/Contract - Specialized Niches,Not Found,Medium,Active,Service,0,30000,75000,0.0,5
Freelance/Contract - Agency Partnerships,Not Found,Medium,Active,Service,0,40000,100000,0.0,5
Business Intelligence Platform,Ready,High,Passive,SaaS,0,10000,50000,0.0,1
Revenue Engine System,Ready,High,Passive,SaaS,0,10000,50000,0.0,1
Suno AI Scraper - Apify Actor,Ready,Medium,Passive,SaaS,0,1200,12000,0.0,1
Business Ecosystem Integration,Ready,Medium,Active,Service,0,10000,40000,0.0,1
Audio/Video Conversion SaaS,Ready,Low,Passive,SaaS,0,5000,25000,0.0,1
Social Media Automation Services,Ready,Medium,Active,Service,0,15000,60000,0.0,1
YouTube Automation Tools,Ready,Medium,Passive,SaaS,0,8000,30000,0.0,1
File Organization SaaS,Ready,Low,Passive,SaaS,0,3000,15000,0.0,1
