Revenue Stream,Category,Type,Status,Location,Revenue Model,Potential Revenue (Year 1),Potential Revenue (Year 2),Potential Revenue (Year 3),Priority,Notes,Implementation Status
Python Automation Portfolio - SaaS Platform,SaaS,Passive,Available,/Volumes/2T-Xx/AvaTarArTs/python.md,SaaS: $29-$99/month marketplace,50000,150000,300000,High,80+ Python automation tools cataloged. Ready to package as SaaS platform,Needs packaging
Python Automation Portfolio - Digital Products,Digital,Passive,Available,/Volumes/2T-Xx/AvaTarArTs/python.md,One-time licenses: $49-$199 per tool,20000,40000,80000,Medium,Individual tool licenses for specific automations,Needs packaging
Python Automation Portfolio - Agency Services,Service,Active,Available,/Volumes/2T-Xx/AvaTarArTs/python.md,Custom automation: $500-$2K per project,5000,10000,20000,Medium,Development services using automation portfolio,Ready for service offering
Gallery Systems - SaaS Platform,SaaS,Passive,Ready,/Volumes/2T-Xx/AvaTarArTs/,SaaS: $19-$99/month (Basic/Pro/Enterprise),20000,50000,100000,Medium,Multiple gallery systems ready (all/, grouped-gallery, simplegallery),Needs packaging
Gallery Systems - White-label,Service,Active,Ready,/Volumes/2T-Xx/AvaTarArTs/,Agency licensing: $500-$2K/month,5000,15000,30000,Medium,White-label solution for agencies,Ready
Gallery Systems - Self-hosted License,Digital,Passive,Ready,/Volumes/2T-Xx/AvaTarArTs/,One-time: $199-$499,5000,10000,20000,Low,Self-hosted gallery system licenses,Needs packaging
Leonardo AI - Image Generation Service,Service,Active,Available,/Volumes/2T-Xx/AvaTarArTs/leo/,Per-image: $10-$50, Package: $200-$1K,10000,30000,60000,Medium,36MB+ of Leonardo AI assets with metadata,Ready for service offering
Leonardo AI - Stock Image Library,Content,Passive,Available,/Volumes/2T-Xx/AvaTarArTs/leo/,Stock sites: $0.25-$2.00 per download,5000,20000,50000,Medium,500+ AI-generated images ready for stock sites,Ready for upload
Leonardo AI - Generation SaaS,SaaS,Passive,In Development,/Volumes/2T-Xx/AvaTarArTs/leo/,Subscription: $29-$99/month, API: $0.10-$0.50/gen,10000,25000,40000,Medium,AI image generation SaaS platform,Needs development
AI Alchemy Portfolio - Template,Digital,Passive,Available,/Volumes/2T-Xx/AvaTarArTs/aiAlchemy-Project-Portfolio.html,Digital product: $49-$99,3000,8000,15000,Low,Professional portfolio template for developers,Ready for packaging
AI Alchemy Portfolio - Service,Service,Active,Available,/Volumes/2T-Xx/AvaTarArTs/aiAlchemy-Project-Portfolio.html,Custom portfolio creation: $500-$2K,5000,12000,25000,Low,Portfolio creation service for developers,Ready for service offering
AI Alchemy Portfolio - Course,Digital,Passive,Available,/Volumes/2T-Xx/AvaTarArTs/aiAlchemy-Project-Portfolio.html,Template + tutorial: $199,2000,5000,10000,Low,Portfolio creation course with template,Needs development

